Authors;Articles;Articles Fractionalized
WANG Y;40;5,25
LI Y;37;3,96
LIU Y;31;3,4
ZHANG Y;26;2,67
LI X;24;2,37
ZHANG X;23;3,26
LI J;22;2,68
ZHANG J;22;2,82
CHEN Y;21;2,41
WANG H;21;2,21
WANG X;21;2,4
LIU X;20;2,06
ZHANG H;19;2,17
LI S;18;2,09
WANG J;16;1,63
ZHOU Y;15;2,02
CHEN J;14;1,35
LIU J;14;1,41
YANG Y;14;1,77
ZHAO J;14;1,64
CHEN L;13;1,59
CHEN X;13;1,45
LI L;13;1,58
WANG Z;13;1,32
ZHANG S;13;1,99
ZHANG Z;13;1,56
LIU C;12;1,29
ZHANG L;12;1,1
HU Y;11;1,28
LI H;11;1,39
WANG S;11;1,36
XU J;11;1,34
YANG J;11;1,42
ZHANG Q;11;1,08
ZHANG W;11;1,15
ZHAO X;11;1,33
CHEN S;10;1,3
CHEN W;10;1,08
CHEN Z;10;0,91
WANG C;10;1,07
WU J;10;1,02
BRIGIDI P;9;0,86
KIM J;9;1,05
LI W;9;1,14
LIU H;9;1,31
MA X;9;0,85
SUN X;9;0,92
TURRONI S;9;0,86
XU X;9;0,79
CHEN M;8;0,73
FIGEYS D;8;1,42
HU J;8;0,64
KNIGHT R;8;0,58
LI M;8;0,9
NING Z;8;1,03
WANG L;8;1,08
WANG T;8;1,49
WU X;8;0,83
WU Z;8;0,79
XU Y;8;0,84
YANG C;8;1,19
ZHANG T;8;0,92
ZHU Y;8;0,91
CHEN R;7;1,32
GUO Y;7;0,88
HUANG J;7;0,71
HUANG S;7;0,79
LIU L;7;0,59
LIU S;7;1,19
LIU W;7;0,79
LIU Z;7;1,11
PARK J;7;0,73
SUN H;7;0,84
ZHOU J;7;0,72
ZHU J;7;0,97
CHEN H;6;0,71
HUANG Y;6;0,67
JIANG Y;6;0,84
KIM Y;6;0,67
LEE S;6;0,61
LI C;6;0,64
LI F;6;0,7
LI G;6;0,74
LI N;6;0,43
LI T;6;0,53
LI Z;6;0,58
LIU F;6;0,5
LU Y;6;0,8
MAYNE J;6;0,78
QIN Y;6;1,52
RAMPELLI S;6;0,64
SHI Y;6;0,52
SONG Y;6;1
WANG M;6;0,54
WANG Q;6;0,63
WANG W;6;0,7
WU D;6;0,69
WU W;6;0,68
WU Y;6;0,7
XIAO Y;6;0,61
YAN C;6;0,63
YANG L;6;0,53
YANG R;6;0,46
YANG X;6;0,59
YU H;6;0,83
YU J;6;0,67
YU Z;6;0,78
ZENG Y;6;0,65
ZHAO L;6;0,65
ZHAO Y;6;0,92
ZHENG Y;6;0,49
ZHU W;6;0,72
CHEN C;5;0,71
CHEN T;5;0,73
CHENG K;5;0,61
GAO X;5;0,58
GUO M;5;0,45
GUO X;5;0,42
HE J;5;0,49
HE Y;5;0,5
HILL C;5;0,56
HU X;5;0,5
HUANG L;5;0,51
LEE Y;5;0,52
LI Q;5;0,88
LIN J;5;0,81
LIU B;5;0,5
LU S;5;0,64
LU X;5;0,44
MA Y;5;0,38
SHEN Y;5;0,51
SHI H;5;0,73
SUN Y;5;0,41
SUN Z;5;0,68
TAN Y;5;0,52
WU C;5;0,57
XU K;5;0,65
XU Z;5;1,36
YANG F;5;0,79
YANG H;5;0,38
YANG Z;5;0,49
ZHANG C;5;0,46
ZHANG F;5;0,61
ZHAO H;5;0,78
ZHU H;5;0,74
ZHU S;5;0,73
ZHU X;5;0,51
BIAGI E;4;0,46
CANDELA M;4;0,39
CHEN B;4;0,46
CHEN F;4;0,38
CHEN Q;4;0,38
DENG L;4;0,62
DENG Y;4;0,46
DONG S;4;0,56
HAN J;4;0,36
HE C;4;0,31
HE L;4;0,42
HE X;4;0,35
HE Z;4;0,43
HUANG X;4;0,36
HUANG Z;4;0,42
JIANG H;4;0,52
JIANG L;4;0,45
JIANG X;4;0,4
KIM C;4;0,98
KIM H;4;0,25
LEE C;4;0,45
LEE J;4;0,57
LI D;4;0,4
LI P;4;0,52
LI R;4;0,66
LIN X;4;0,25
LIN Y;4;0,49
LIN Z;4;0,39
LIU T;4;0,36
LU J;4;0,39
LU L;4;0,37
LU W;4;0,34
MA J;4;0,68
MA L;4;0,41
MA S;4;0,45
NG S;4;0,43
NI Y;4;1,38
O’TOOLE P;4;0,51
PARK S;4;0,31
ROSS R;4;0,47
SHI L;4;0,43
SHI X;4;0,46
SONG J;4;0,4
SUN C;4;0,4
SUN S;4;0,42
TANG Y;4;0,39
WANG G;4;0,47
WANG K;4;0,52
WEI W;4;0,42
WU L;4;0,45
WU M;4;0,58
WU S;4;0,34
XIE X;4;0,44
XIE Z;4;0,53
XU C;4;0,64
XU H;4;0,37
XU M;4;0,53
XU S;4;0,39
YU B;4;0,49
YU G;4;0,47
YU Y;4;0,64
ZHANG M;4;0,49
ZHANG P;4;0,65
ZHENG L;4;0,57
ZHU L;4;0,37
ZHU Q;4;0,41
ZOU Y;4;0,31
BASTIAANSSEN T;3;0,34
BITTINGER K;3;0,29
CAI J;3;0,36
CAO H;3;0,42
CHEN G;3;0,32
CHEN P;3;0,35
CHENG Y;3;0,34
CLARKE G;3;0,34
CORNEJO-GRANADOS F;3;0,4
COTTER P;3;0,41
CRYAN J;3;0,34
CUI J;3;0,29
DAI J;3;0,27
DAI Y;3;0,93
DANILENKO V;3;0,62
DING H;3;0,51
DING X;3;0,45
DONG W;3;0,42
DORRESTEIN P;3;0,29
DUBINKINA V;3;0,7
D’AMICO F;3;0,24
FAN H;3;0,5
FANG X;3;0,29
FENG Z;3;0,32
FISCHBACH M;3;0,62
GU X;3;0,41
GUO J;3;0,55
GUO K;3;0,49
GUO L;3;0,3
GUO Q;3;0,34
GUO Z;3;0,4
HAN M;3;0,28
HAN Y;3;0,3
HAN Z;3;0,38
HE H;3;0,28
HU D;3;0,28
HUANG B;3;0,34
HUANG C;3;0,51
HUANG H;3;0,35
JI F;3;0,47
JI G;3;0,21
KIM D;3;0,47
KUNATH B;3;0,19
KUO H;3;0,54
LEE I;3;0,53
LI K;3;0,35
LIM S;3;0,34
LIN L;3;0,37
LIN S;3;0,43
LIN W;3;0,19
LIU N;3;0,31
LIU Q;3;0,33
LU C;3;0,23
LUO Y;3;0,41
LV L;3;0,31
MA W;3;0,23
MASLOV S;3;0,7
MCDONALD D;3;0,26
MENG X;3;0,25
MIAO Y;3;0,33
NAM Y;3;0,51
NIELSEN D;3;0,35
NING X;3;0,25
OCHOA-LEYVA A;3;0,4
OKUDA S;3;0,89
PAN Y;3;0,74
PENG W;3;0,31
PENG X;3;0,35
POLLARD K;3;1,03
QIN H;3;0,34
QIN L;3;0,27
SHANAHAN F;3;0,46
SHI J;3;0,36
SHI W;3;0,34
SHIA B;3;0,31
SHIN J;3;0,45
SMARR L;3;0,24
SONG X;3;0,38
SONG Z;3;0,96
STANTON C;3;0,28
STINTZI A;3;0,41
SU Y;3;0,47
SUN J;3;0,21
SØRENSEN S;3;0,29
TAN K;3;0,54
TAN X;3;0,35
TANG Z;3;0,36
TANNOCK G;3;0,23
TRAN N;3;0,49
VAN D A P;3;0,4
WANG D;3;0,39
WEI B;3;0,54
WEI H;3;0,4
WEI P;3;0,32
WEI Y;3;0,42
WILMES P;3;0,19
WU H;3;0,23
WU Q;3;0,36
XIA Y;3;0,39
XIANG S;3;0,3
XIAO L;3;0,14
XIAO X;3;0,17
XIE C;3;0,37
XIE Y;3;0,23
XU B;3;0,29
XU R;3;0,18
XU W;3;0,26
YAN J;3;0,22
YAN Y;3;0,58
YANG S;3;0,3
YANG W;3;0,25
YAO J;3;0,49
YE L;3;0,3
YOU Y;3;0,49
YU D;3;0,34
YU X;3;0,31
ZENG Z;3;0,33
ZHAI Q;3;0,42
ZHANG B;3;0,26
ZHANG D;3;0,47
ZHANG G;3;0,37
ZHANG K;3;0,19
ZHANG N;3;0,27
ZHAO N;3;0,62
ZHAO Z;3;0,43
ZHENG H;3;0,31
ZHOU B;3;0,29
ZHOU G;3;0,43
ZHOU H;3;0,4
ZHOU M;3;0,43
ZHOU Z;3;0,36
ZHU R;3;0,25
ZHUANG Y;3;0,41
ACHARJEE A;2;0,21
AFOLAYAN A;2;0,31
AGUILERA M;2;0,24
AHMAD S;2;0,28
ALI S;2;0,22
AMADIEU C;2;0,23
AMOS G;2;0,25
AN J;2;0,26
APTE Z;2;0,28
ARMENGAUD J;2;0,07
ARNTZEN M;2;0,07
AVERINA O;2;0,37
AYENI F;2;0,31
AZAD M;2;0,15
BAI X;2;0,25
BAI Y;2;0,18
BAJAJ J;2;0,42
BARONE M;2;0,22
BASTOLA D;2;1
BECHER D;2;0,11
BELKOVA N;2;0,45
BENNDORF D;2;0,07
BERRY D;2;0,18
BHATT A;2;0,26
BIK E;2;0,28
BO S;2;0,21
BORK P;2;0,25
BOSÁK J;2;0,19
BOURGONJE A;2;0,15
BURK R;2;0,15
BUTCHER J;2;0,27
CAI M;2;0,39
CAI Y;2;0,23
CANTACESSI C;2;0,21
CAO M;2;0,17
CAO Y;2;0,17
CAO Z;2;0,22
CERK K;2;0,24
CHAN P;2;0,15
CHANDRABABU S;2;1
CHANG L;2;0,16
CHANG T;2;0,25
CHANG Y;2;0,18
CHAUHAN N;2;0,48
CHEN D;2;0,38
CHEN K;2;0,2
CHEN N;2;0,25
CHENG M;2;0,26
CHING J;2;0,12
CHOI H;2;0,21
CHUNG W;2;0,27
COMTE B;2;0,08
DANIEL S;2;0,17
DE L V N;2;0,15
DE M M;2;0,22
DE T P;2;0,23
DE V W;2;0,12
DELZENNE N;2;0,23
DENG H;2;0,29
DENG X;2;0,27
DING Q;2;0,21
DING Y;2;0,27
DODD D;2;0,28
DONG Z;2;0,18
DU B;2;0,21
DU L;2;0,22
DU Y;2;0,25
DUAN C;2;0,19
DUAN M;2;0,31
DUAN S;2;0,15
DUARTE J;2;0,15
DUARTE R;2;0,28
ERCOLINI D;2;0,14
FABBRINI M;2;0,23
FAN C;2;0,29
FAN J;2;0,19
FAN X;2;0,25
FANG Z;2;0,28
FENG D;2;0,24
FENG J;2;0,32
FENG N;2;0,17
FIEDOROVÁ K;2;0,19
FORSLUND S;2;0,35
FOUHY F;2;0,19
FRANCESCHI C;2;0,08
FRANK M;2;0,42
FRANKE A;2;0,12
FRANZOSA E;2;0,15
FREIBERGER T;2;0,19
FU H;2;0,15
FU L;2;0,26
GAN Y;2;0,19
GAO Q;2;0,2
GAO S;2;0,19
GAO W;2;0,19
GE Y;2;0,11
GHOSH T;2;0,28
GIULIANI A;2;0,31
GKOUTOS G;2;0,21
GODDARD A;2;0,28
GONG L;2;0,24
GOYAL A;2;0,5
GU J;2;0,19
GUAN Y;2;0,32
GUO C;2;0,18
GUO H;2;0,19
GUO R;2;0,12
GUO S;2;0,24
GUO W;2;0,17
GUPTA A;2;0,29
GÓMEZ-GUZMÁN M;2;0,15
HALDER R;2;0,13
HALL L;2;0,16
HAN B;2;0,35
HAN N;2;0,21
HAN S;2;0,33
HAN X;2;0,35
HE D;2;0,11
HE F;2;0,33
HENRY C;2;0,07
HETTICH R;2;0,07
HO J;2;0,17
HOHLFELD R;2;0,52
HOLLISTER E;2;0,59
HOSOMI K;2;0,15
HOU Q;2;0,31
HOU X;2;0,24
HOYLES L;2;0,11
HSU C;2;0,38
HU H;2;0,28
HU L;2;0,14
HU M;2;0,13
HU N;2;0,29
HU R;2;0,33
HU S;2;0,11
HU Z;2;0,13
HUANG Q;2;0,32
HUANG R;2;0,23
HUANG W;2;0,29
HUNG C;2;0,25
HUTTENHOWER C;2;0,15
JACOBSON D;2;0,16
JAGTAP P;2;0,07
JAKOBSEN R;2;0,26
JEFFERY I;2;0,28
JEHMLICH N;2;0,07
JI W;2;0,14
JI Y;2;0,31
JIA S;2;0,19
JIANG C;2;0,2
JIANG M;2;0,11
JIANG P;2;0,17
JIANG T;2;0,15
JIAO N;2;0,19
JIMÉNEZ R;2;0,15
JIN C;2;0,32
JIN L;2;0,24
JIN M;2;0,19
JIN X;2;0,16
JOHNSON J;2;0,58
JR;2;0,16
JUNG D;2;0,28
JUSTE C;2;0,07
KANG G;2;0,25
KANG S;2;0,3
KANG Y;2;0,23
KAO Y;2;0,25
KAPLAN R;2;0,15
KIM K;2;0,39
KIM M;2;0,25
KLIMENKO E;2;0,45
KNUDSEN J;2;0,17
KO C;2;0,35
KONG L;2;0,23
KONG X;2;0,21
KONG Y;2;0,14
KORCSMAROS T;2;0,4
KORPELA K;2;0,21
KOVTUN A;2;0,37
KRAUSE L;2;0,39
KUNISAWA J;2;0,15
KWONG T;2;0,32
LAMENDELLA R;2;0,4
LAN Y;2;0,17
LAN Z;2;0,2
LAWLEY B;2;0,18
LAWLEY T;2;0,13
LEARDINI D;2;0,16
LECLERCQ S;2;0,23
LEE E;2;0,44
LEE K;2;0,19
LEPAGE P;2;0,17
LEWIS C;2;0,16
LEXA M;2;0,19
LI A;2;0,13
LIANG F;2;0,17
LIANG J;2;0,33
LIANG Y;2;0,25
LIAO B;2;0,21
LIM Y;2;0,15
LIN H;2;0,22
LIN M;2;0,23
LIN Q;2;0,15
LING Z;2;0,23
LITZMAN J;2;0,19
LIU G;2;0,28
LIU K;2;0,11
LIU M;2;0,21
LOGAN A;2;0,25
LU N;2;0,17
LUCKING E;2;0,2
LUDVIGSSON J;2;0,14
LUI G;2;0,15
LUNA R;2;0,18
LUO D;2;0,2
LUO H;2;0,17
LUO J;2;0,39
LUO K;2;0,19
LUO L;2;0,2
LV H;2;0,23
LV J;2;0,31
LV Q;2;0,19
LÓPEZ-MORENO A;2;0,24
MA D;2;0,29
MA F;2;0,2
MA R;2;0,21
MA Z;2;1,11
MACHIAVELLI A;2;0,28
MACK D;2;0,27
MALLICK H;2;0,15
MAO J;2;0,16
MARQUES F;2;0,19
MASETTI R;2;0,16
MAY P;2;0,13
MCLAIN A;2;0,34
MEI Y;2;0,23
MENG J;2;0,29
MESUERE B;2;0,07
MIURA N;2;0,56
MIZUGUCHI K;2;0,15
MORRISON M;2;0,3
MORROW C;2;0,34
MURATORE E;2;0,16
MUTH T;2;0,07
NGUYEN L;2;0,15
NGUYEN T;2;0,27
NI P;2;0,17
NICOLETTI C;2;0,08
NIELSEN J;2;0,3
NING K;2;0,27
O'CONNOR K;2;0,2
O'HALLORAN K;2;0,2
OSTERMAN A;2;0,2
PAN D;2;0,21
PAN J;2;0,13
PAN L;2;0,27
PAN S;2;0,57
PARK C;2;0,24
PARK H;2;0,29
PASOLLI E;2;0,14
PATEL S;2;0,27
PATTERSON A;2;0,29
PEI Y;2;0,15
PENG C;2;0,19
PETROSINO J;2;0,21
PI X;2;0,37
PIEPER D;2;0,2
PINTO A;2;0,28
PLOTNIKOV E;2;0,21
POGODINA A;2;0,45
POPKOV V;2;0,21
PRAST-NIELSEN S;2;0,24
PRETE A;2;0,16
PUJOS-GUILLOT E;2;0,08
QI Q;2;0,15
QIAN H;2;0,28
QIANG Y;2;0,21
QIAO J;2;0,17
QIN J;2;0,1
QIN M;2;0,18
QIU X;2;0,4
RADKA C;2;0,42
RAES J;2;0,17
REA M;2;0,27
REDDY K;2;0,4
REIMAN D;2;0,83
REN H;2;0,27
REN X;2;0,11
RHO M;2;0,83
RICHMAN J;2;0,28
RIJPKEMA S;2;0,25
ROBERTS L;2;0,13
ROBLES-VERA I;2;0,15
ROCK C;2;0,42
RODIONOV D;2;0,2
ROMERO M;2;0,15
RONG Z;2;0,14
ROY N;2;0,25
RUAN B;2;0,31
RUIZ-MORENO Á;2;0,24
RYCHKOVA L;2;0,45
SANDBORN W;2;0,13
SANKARANARAYANAN K;2;0,16
SANTORO A;2;0,08
SANTOS R;2;0,16
SCHUSTER S;2;0,17
SEVERANCE E;2;1,5
SEVERGNINI M;2;0,2
SHAH S;2;0,14
SHAO L;2;0,23
SHEN B;2;0,27
SHEN L;2;0,19
SHEN Z;2;0,29
SHIN D;2;0,33
SHU X;2;0,17
SHUWEN H;2;0,63
SINGH N;2;0,29
SONG E;2;0,44
SONG F;2;0,19
SONG W;2;0,31
SU H;2;0,35
SUN B;2;0,25
SUN D;2;0,28
SUN L;2;0,38
SUN Q;2;0,16
SUN R;2;0,19
SUNAGAWA S;2;0,25
SÁNCHEZ M;2;0,15
TAN Q;2;0,22
TANCA A;2;0,07
TEH J;2;0,14
TIAN F;2;0,17
TORAL M;2;0,15
TORRES-SÁNCHEZ A;2;0,24
USYK M;2;0,2
UZZAU S;2;0,07
VALLE G;2;0,2
VAN D B T;2;0,07
VAN L S;2;0,12
VAN R T;2;0,25
VATANEN T;2;0,25
VICH V A;2;0,15
VITAL M;2;0,2
WANG B;2;0,25
WANG R;2;0,14
WEERSMA R;2;0,15
WEI J;2;0,21
WEI X;2;0,19
WEINSTOCK G;2;0,09
WEKERLE H;2;0,52
WEN J;2;0,19
WEN L;2;0,21
WOMACK E;2;0,34
WONG G;2;0,11
WONG H;2;0,27
WONG S;2;0,34
WU G;2;0,19
WU T;2;0,2
XI Y;2;0,23
XIA J;2;0,2
XIA Z;2;0,07
XIANG B;2;0,31
XIAO B;2;0,21
XIAO C;2;0,17
XIAO J;2;0,2
XIAO S;2;0,2
XIONG W;2;0,28
XIONG Z;2;0,21
YAMAZAKI K;2;0,11
YAN F;2;0,19
YAN X;2;0,13
YANG B;2;0,22
YAO X;2;0,18
YARAR-FISHER C;2;0,34
YE H;2;0,23
YE S;2;0,28
YE Y;2;0,39
YEH Y;2;0,31
YI X;2;0,24
YI Z;2;0,18
YIN C;2;0,22
YIN J;2;0,1
YU Q;2;0,22
YU R;2;0,25
YUAN J;2;0,18
YUAN X;2;0,15
ZAMA D;2;0,16
ZENG W;2;0,14
ZHAN X;2;0,2
ZHANG R;2;0,23
ZHAO K;2;0,19
ZHAO Q;2;0,21
ZHAO S;2;0,22
ZHAO W;2;0,22
ZHENG J;2;0,28
ZHENG T;2;0,18
ZHENG Z;2;0,08
ZHONG C;2;0,26
ZHONG H;2;0,18
ZHONG X;2;0,25
ZHOU C;2;0,26
ZHOU L;2;0,14
ZHOU Q;2;0,25
ZHOU W;2;0,15
ZHOU X;2;0,19
ZHU C;2;0,27
ZHU D;2;0,15
ZHU F;2;0,19
ZOROV D;2;0,21
ZOU Z;2;0,2
ZUCKER J;2;0,3
ZÁRATE-BLADÉS C;2;0,28
ŠMAJS D;2;0,19
AAKKO J;1;0,11
AANES H;1;0,11
ABASIJIANG A;1;0,17
ABBASPOUR A;1;0,17
ABBOTT D;1;0,14
ABD-GHANI F;1;0,25
ABDEL-HAMID A;1;0,07
ABDEL-RAHMAN L;1;0,5
ABDELSALAM N;1;0,33
ABDULLA O;1;0,13
ABDULLAH M;1;0,17
ABDURIYIM S;1;0,05
ABECIA L;1;0,05
ABOU H M;1;0,07
ABRAHAM P;1;0,02
ABRAMOV I;1;0,05
ABU Y;1;0,14
ABUD-ARCHILA M;1;0,11
ABUDAYYEH R;1;0,33
ACFORD-PALMER H;1;0,08
ACHARYA C;1;0,08
ACHARYA N;1;0,2
ACKERMANN G;1;0,02
ACUÑA I;1;0,11
ADAK A;1;0,5
ADAMS J;1;0,13
ADISETIYO H;1;0,08
ADJOU K;1;0,13
ADRIAENSSENS E;1;0,05
ADRIEN P;1;0,08
ADRIOUCH S;1;0,05
AE R;1;0,07
AEBI S;1;0,14
AGAMENNONE V;1;0,06
AGARWAL P;1;0,14
AGBAVOR F;1;0,17
AGHAEEPOUR N;1;0,08
AGHDAEI H;1;0,17
AGRAWAL A;1;0,2
AGUSTÍ A;1;0,03
AHLUWALIA B;1;0,1
AHMAD R;1;0,2
AHMADI B S;1;0,11
AHMED T;1;0,07
AHMER B;1;0,08
AHN J;1;0,13
AHO V;1;0,25
AINIWAER A;1;0,14
AINONEN S;1;0,13
AINSWORTH H;1;0,11
AIZPURUA O;1;0,33
AJEEB T;1;0,25
AKANA R;1;0,11
AKKIZ H;1;0,2
AKSESHINA M;1;0,06
AKUNE Y;1;0,08
AL I N;1;0,11
AL-GHALITH G;1;0,25
AL-SHAKHSHIR H;1;0,2
ALBAKRY S;1;0,05
ALBERDI A;1;0,33
ALBERTINI M;1;0,11
ALCAMÍ J;1;0,13
ALCANTARA C;1;0,25
ALCARAZ L;1;0,07
ALCON-GINER C;1;0,08
ALDROVANDI G;1;0,08
ALEKSEEVA M;1;0,25
ALEKSEYENKO A;1;0,33
ALETI G;1;0,09
ALEXANDER J;1;0,04
ALEXANDER T;1;0,2
ALEXANDROV P;1;0,25
ALGHETAA H;1;0,13
ALHARFI S;1;0,2
ALHOZALI A;1;0,25
ALI A;1;0,13
ALI F;1;0,06
ALI J;1;0,13
ALI M;1;0,13
ALIKINA T;1;0,17
ALILI R;1;0,05
ALKAN Z;1;0,08
ALKHAMMASH A;1;0,25
ALLABAND C;1;0,08
ALLALI I;1;0,11
ALLEN I;1;0,17
ALLEN-VERCOE E;1;0,06
ALLERS K;1;0,1
ALMEIDA A;1;0,06
ALMONACID D;1;0,11
ALSHEHRI W;1;0,25
ALTINDIS E;1;0,07
ALTULEA D;1;0,06
ALUTHGE N;1;0,09
ALVA S;1;0,2
ALVAREZ R;1;0,09
ALVAREZ-SILVA C;1;0,07
ALVES R;1;0,14
AMADOR-NOGUEZ D;1;0,14
AMANZADEH A;1;0,11
AMID C;1;0,03
AMIN M;1;0,2
AMIN N S;1;0,17
AMINI S;1;0,05
AMZAZI S;1;0,11
AN R;1;0,14
AN W;1;0,06
AN Y;1;0,08
ANAISSI A;1;0,08
ANAND S;1;0,25
ANANDACHAR M;1;0,14
ANANDH B P;1;0,33
ANANTHAKRISHNAN A;1;0,11
ANANTHARAMAN K;1;0,11
ANDERMANN T;1;0,17
ANDRADE J;1;0,07
ANDRASSY J;1;0,08
ANDREMONT A;1;0,09
ANDRES A;1;0,08
ANDREWS E;1;0,11
ANDRIANONIMIADANA L;1;0,05
ANDRIANOVA N;1;0,17
ANDRIGHETTI T;1;0,2
ANDRÉS-MARIN N;1;0,05
ANG E;1;0,06
ANGELOVA A;1;0,05
ANGIUS A;1;0,06
ANGUITA J;1;0,05
ANISIMOV G;1;0,17
ANONYE B;1;0,06
ANTIPOV D;1;0,13
ANTIVALLE M;1;0,07
ANWAR S;1;0,14
ARANSAY A;1;0,05
ARASARADNAM R;1;0,11
ARIF M;1;0,05
ARMAND-LEFÈVRE L;1;0,09
ARMSTRONG N;1;0,1
ARNOLD H;1;0,17
ARON-WISNEWSKY J;1;0,05
ARP K;1;0,09
ARRIETA M;1;0,07
ARSLANTURK M;1;0,05
ARTACHO A;1;0,06
ARTOLA M;1;0,09
ARUMUGAM M;1;0,07
ARZAMASOV A;1;0,13
ASIMAKIS E;1;0,09
ASSALIN H;1;0,11
ASTEGIANO M;1;0,07
ATAKAN N;1;0,33
ATEUDJIEU J;1;0,08
ATKINSON C;1;0,2
ATKINSON T;1;0,08
ATOMI H;1;0,07
ATZENI A;1;0,05
AUGELLO M;1;0,08
AUSTIN R;1;0,09
AVILA M;1;0,08
AVUTHU N;1;0,2
AYDIN B;1;0,14
AYMARD P;1;0,06
AZIZ R;1;0,33
BABALIJA L;1;0,06
BADOLATO R;1;0,08
BAE H;1;0,14
BAE J;1;0,07
BAEK J;1;0,04
BAGINSKAYA N;1;0,14
BAHIELDIN A;1;0,25
BAHL M;1;0,33
BAI C;1;0,11
BAI H;1;0,08
BAI J;1;0,14
BAINES J;1;0,1
BAJAJ S;1;0,07
BAJOREK S;1;0,08
BAKER A;1;0,08
BAKER D;1;0,08
BAKER J;1;0,09
BAKRI Y;1;0,11
BALA A;1;0,11
BALAYAN M;1;0,11
BALDERAS M;1;0,09
BALDEÓN M;1;0,11
BALTRIUKIEN? D;1;0,25
BALVEY A;1;0,05
BANAEI N;1;0,17
BANAEI-MOGHADDAM A;1;0,25
BANG C;1;0,05
BANNAGA A;1;0,11
BANSAL S;1;0,2
BANU S;1;0,2
BAO H;1;0,14
BAO M;1;0,14
BAO S;1;0,06
BAO X;1;0,05
BAO Y;1;0,33
BAR N;1;0,08
BAR-OR A;1;0,02
BARAGETTI A;1;0,06
BARANZINI S;1;0,02
BARBERIO B;1;0,09
BARD J;1;0,08
BARILLY C;1;0,06
BARKO P;1;0,17
BARNES S;1;0,14
BARR T;1;0,13
BARRA W;1;0,08
BARRATT M;1;0,07
BARRETT H;1;0,17
BARRETT M;1;0,11
BARRITT J;1;0,07
BARRY R;1;0,09
BARTENSLAGER A;1;0,09
BARTOLETTI M;1;0,08
BARUA N;1;0,09
BASHIRZADEH D;1;0,17
BASILE A;1;0,11
BASIR R;1;0,17
BASLÉ A;1;0,13
BASSIGNANI A;1;0,02
BASUCHOUDHARY A;1;0,13
BATOOL M;1;0,11
BATTIN M;1;0,05
BATTINO M;1;0,14
BATTISTA G;1;0,05
BAUMANN R;1;0,02
BAUMBACH J;1;0,08
BAYDAKOVA G;1;0,05
BAZHIN A;1;0,08
BAZZOCCHI A;1;0,05
BEALE A;1;0,08
BEALS J;1;0,09
BEAUMONT M;1;0,06
BECCUTI G;1;0,07
BECK P;1;0,06
BECKER A;1;0,07
BECKER M;1;0,08
BEDARF J;1;0,17
BEGGS A;1;0,07
BEITING D;1;0,05
BEL L P;1;0,05
BELDA E;1;0,05
BELHEOUANE M;1;0,1
BELLO G;1;0,08
BELOBORODOVA N;1;0,08
BELOTTI T;1;0,06
BENCA J;1;0,08
BENDER J;1;0,08
BENLER S;1;0,13
BENNET S;1;0,17
BENNETT P;1;0,08
BERARDINELLI G;1;0,1
BERBERT L;1;0,11
BERBISA M;1;0,1
BERCIK P;1;0,17
BERDING K;1;0,14
BERENDSEN A;1;0,03
BERGER P;1;0,13
BERKLEY J;1;0,13
BERNAL-LÓPEZ M;1;0,05
BERRIMAN M;1;0,07
BERTAZZO E;1;0,09
BEVILACQUA A;1;0,06
BEWICK S;1;0,2
BHADURI A;1;0,14
BHAR S;1;0,33
BHARDWAJ T;1;0,2
BHARWANI A;1;0,11
BI C;1;0,05
BI F;1;0,13
BIAN Y;1;0,06
BIELAK M;1;0,03
BIKEL S;1;0,25
BILLAH M;1;0,17
BINDELS L;1;0,09
BIRGY A;1;0,09
BISANZ J;1;0,5
BISCAGLIA G;1;0,06
BISGAARD H;1;0,09
BISHT V;1;0,14
BIVENS N;1;0,08
BIZZARRI M;1;0,2
BJOURSON A;1;0,25
BJØRKHAUG S;1;0,11
BLAIR R;1;0,06
BLEAZARD T;1;0,14
BLESL A;1;0,07
BLOKZIJL T;1;0,08
BLOOMFIELD F;1;0,2
BLOTTIÈRE H;1;0,13
BOACHIE-MENSAH M;1;0,25
BODENBERGER N;1;0,08
BOEREN S;1;0,25
BOERTIEN J;1;0,25
BOERWINKLE E;1;0,08
BOEY C;1;0,05
BOGAERT D;1;0,09
BOGI?EVI? B;1;0,17
BOHAC M;1;0,08
BOHAR B;1;0,2
BOHÓRQUEZ L;1;0,25
BOI F;1;0,08
BOKOLIYA S;1;0,05
BOLDING I;1;0,2
BOLYEN E;1;0,08
BOMHOLTZ L;1;0,17
BONACORSI S;1;0,09
BONCY J;1;0,08
BONNARDEL F;1;0,08
BONNET R;1;0,07
BOONROUMKAEW P;1;0,13
BORGHI E;1;0,14
BORNEMAN J;1;0,13
BORRELLI R;1;0,07
BORSINI A;1;0,03
BORSOM E;1;0,08
BORTON M;1;0,08
BOSCH A;1;0,09
BOSCH S;1;0,14
BOSE C;1;0,25
BOSE S;1;0,2
BOYER A;1;0,13
BRABEC J;1;0,07
BRAFF D;1;0,11
BRAMNESS J;1;0,11
BRANDI I;1;0,07
BRANDL B;1;0,08
BRANDT A;1;0,2
BRANDT C;1;0,07
BRASIER A;1;0,06
BRAUN T;1;0,06
BRAVO H;1;0,05
BREISTER A;1;0,11
BREJNROD A;1;0,11
BRENNER D;1;0,08
BRINK A;1;0,25
BRINKMAN F;1;0,11
BROADBENT R;1;0,11
BRODERICK D;1;0,08
BROHOLM C;1;0,08
BROK-LAURIDSEN S;1;0,17
BROOK T;1;0,08
BROOKS B;1;0,14
BROUNS S;1;0,2
BROWN I;1;0,13
BROWNE H;1;0,06
BRUBAKER D;1;0,33
BRUGERE C;1;0,03
BRUNSE A;1;0,09
BRUSHETT S;1;0,06
BRÜGGEMANN H;1;0,13
BUBIER J;1;0,06
BUCHSER W;1;0,07
BUCZYNSKA A;1;0,17
BUDKEVICH R;1;0,17
BUDOVSKAYA Y;1;0,11
BUFFINGTON S;1;0,2
BUI A;1;0,25
BUISAN C;1;0,03
BUIST G;1;0,06
BUJANDA L;1;0,05
BULIK C;1;0,17
BULLÓ M;1;0,05
BULMER A;1;0,08
BUNDGAARD-NIELSEN C;1;0,09
BURBANO R;1;0,08
BURDET C;1;0,05
BURGUETE G A;1;0,08
BURIANI A;1;0,25
BURISCH J;1;0,1
BURKEY T;1;0,09
BURNHAM P;1;0,05
BURNS D;1;0,09
BUROKAS A;1;0,25
BUSBEE P;1;0,13
BUSBY B;1;0,33
BUSH K;1;0,33
BUSI S;1;0,11
BUSTION A;1;0,2
BUTTIMER C;1;0,11
BUYON J;1;0,11
BUZA J;1;0,09
BYTZER P;1;0,09
BÉNARD A;1;0,08
CABEZAS-CRUZ A;1;0,13
CABRERA D;1;0,05
CABRERA-JORGE F;1;0,1
CADDEO G;1;0,06
CADERNI G;1;0,06
CADWELL K;1;0,05
CAI C;1;0,1
CAI H;1;0,06
CAI L;1;0,08
CAI P;1;0,2
CAI S;1;0,14
CAI X;1;0,17
CAI Z;1;0,11
CAILLIER S;1;0,02
CAIM S;1;0,08
CAKMAK B;1;0,05
CALDERS P;1;0,11
CALDERÓN D L B A;1;0,07
CALL D;1;0,09
CALLAWAY L;1;0,17
CALUSINSKA M;1;0,11
CAMELLI V;1;0,08
CAMERON S;1;0,04
CAMERON-SMITH D;1;0,05
CAMINO A;1;0,13
CAMPANARO S;1;0,11
CAMPBELL J;1;0,06
CAMPOLO M;1;0,11
CANALS S;1;0,33
CANGÜR ?;1;0,14
CANIZALES-QUINTEROS S;1;0,07
CANLET C;1;0,06
CANN I;1;0,07
CANO-ORTIZ A;1;0,11
CANTONI C;1;0,05
CANTONI D;1;0,13
CAO D;1;0,14
CAO P;1;0,06
CAO S;1;0,09
CAO X;1;0,2
CAPORASO J;1;0,08
CAPRI M;1;0,03
CARABIN H;1;0,07
CARBO J;1;0,05
CARDENAS J;1;0,11
CARDENAS-GARCIA S;1;0,1
CARDILLI A;1;0,1
CAREDDA G;1;0,06
CARGUA O;1;0,11
CARISSIMI C;1;0,17
CARLSON S;1;0,08
CARMODY R;1;0,5
CARNACCINI S;1;0,1
CARNACHAN S;1;0,11
CARRARA G;1;0,07
CARRINGTON M;1;0,08
CARTER K;1;0,08
CARTER M;1;0,11
CARUSO D;1;0,06
CARYCHAO D;1;0,11
CASILI G;1;0,11
CASSIDY A;1;0,03
CASSOTTA M;1;0,14
CASTAÑEDA-MÁRQUEZ A;1;0,08
CASTAÑER O;1;0,05
CASTELLANA S;1;0,06
CASTILLO-TRIVIÑO T;1;0,02
CASTRO M;1;0,2
CASTRO M J;1;0,09
CASULA E;1;0,08
CATAPANO A;1;0,06
CATTANE N;1;0,03
CATTANEO A;1;0,03
CAUDELL M;1;0,09
CAUDULLO G;1;0,25
CAUQUIL L;1;0,06
CAVIGLIA G;1;0,07
CECCARANI C;1;0,14
CECENER G;1;0,13
CECIL C;1;0,03
CELLINI M;1;0,08
CENTANNI M;1;0,11
CESARO S;1;0,06
CHAHBOUNE R;1;0,11
CHAI X;1;0,11
CHAI Y;1;0,33
CHAMBA Y;1;0,14
CHAN F;1;0,06
CHAN L;1;0,07
CHAN M;1;0,09
CHAN S;1;0,07
CHAN Y;1;0,2
CHANDRAN S;1;0,02
CHANDRAPALAN S;1;0,11
CHANES V;1;0,05
CHANG E;1;0,33
CHANG J;1;0,03
CHANG M;1;0,11
CHANG P;1;0,14
CHANG S;1;0,14
CHANIN R;1;0,09
CHAO G;1;0,5
CHAO L;1;0,08
CHAO X;1;0,17
CHARLES I;1;0,17
CHASSAING B;1;0,09
CHATTERJEE S;1;0,05
CHATZIIOANNOU A;1;0,11
CHAU E;1;0,07
CHAU L;1;0,07
CHAUDHARY P;1;0,09
CHE J;1;0,05
CHE K;1;0,1
CHEE M;1;0,11
CHEKO J;1;0,06
CHELSKY D;1;0,13
CHENG D;1;0,1
CHENG I;1;0,07
CHENG L;1;0,2
CHENG R;1;0,13
CHENG T;1;0,13
CHEON B;1;0,09
CHEONG H;1;0,08
CHEONG I;1;0,13
CHEONG Y;1;0,17
CHER A;1;0,11
CHERIF A;1;0,09
CHERNEVSKAYA E;1;0,08
CHESLER E;1;0,06
CHEVILLOT A;1;0,13
CHI H;1;0,11
CHI J;1;0,1
CHI L;1;0,17
CHIANG W;1;0,13
CHIAVAROLI V;1;0,05
CHIFIRIUC M;1;0,2
CHIJIIWA R;1;0,13
CHIKINDAS M;1;0,11
CHIN S;1;0,2
CHIN V;1;0,17
CHITNIS T;1;0,02
CHIU Y;1;0,14
CHO B;1;0,04
CHO M;1;0,08
CHO S;1;0,33
CHOI E;1;0,17
CHOI Y;1;0,25
CHONG C;1;0,2
CHONG G;1;0,08
CHONG H;1;0,2
CHONG M;1;0,07
CHONG N;1;0,1
CHONG P;1;0,17
CHONG R;1;0,1
CHONG Y;1;0,07
CHOPRA H;1;0,06
CHOU D;1;0,1
CHOU S;1;0,11
CHOW B;1;0,09
CHOW K;1;0,06
CHOY C;1;0,07
CHOY J;1;0,11
CHRUDINOVA M;1;0,07
CHU M;1;0,09
CHU Z;1;0,17
CHUA K;1;0,05
CHUKLO A;1;0,17
CHUN W;1;0,17
CHUNG F;1;0,2
CHUNG H;1;0,04
CHUNG S;1;0,08
CHUNG T H;1;0,5
CI C;1;0,08
CIBELLA J;1;0,06
CIBOROWSKI M;1;0,17
CIERNIKOVA S;1;0,08
CLAIRE G L;1;0,1
CLANCY R;1;0,11
CLARAZ P;1;0,09
CLARE S;1;0,07
CLARK M;1;0,08
CLARK R;1;0,14
CLARKE P;1;0,08
CLEVERS E;1;0,1
CLOER E;1;0,09
CLOS-GARCIA M;1;0,05
CLÉMENT K;1;0,05
COAD J;1;0,2
COBOS-QUEVEDO O;1;0,1
COCHRANE G;1;0,03
COCOLIN L;1;0,07
COHEN D;1;0,07
COHEN H;1;0,11
COLADONATO S;1;0,08
COLEMAN S;1;0,25
COLLADO M;1;0,25
COLLARD J;1;0,05
COLLIJ V;1;0,07
COLLINS J;1;0,11
COMAZZI I;1;0,07
COMBES S;1;0,06
COMINELLI F;1;0,07
CONCHA-RUBIO N;1;0,2
CONN K;1;0,08
CONNICK P;1;0,02
CONNORS B;1;0,14
CONSOLANDI C;1;0,06
CONSTANTINOU C;1;0,33
CONWAY P;1;0,09
COOLEY M;1;0,11
COOPER G;1;0,2
COPE E;1;0,08
COPELAND V;1;0,33
COPPARI S;1;0,11
CORBO M;1;0,06
CORDERO F;1;0,08
CORELLA D;1;0,05
CORNBERG M;1;0,08
CORREALE J;1;0,02
CORTES L;1;0,13
CORTÉS A;1;0,07
COSTA T;1;0,07
COSTANTINI M;1;0,25
COSTE V;1;0,09
COSTEA P;1;0,14
COTO E;1;0,11
COTO-SEGURA P;1;0,11
COULTER I;1;0,1
COUSINS J;1;0,17
COUTO N;1;0,06
COWLEY E;1;0,11
COX A;1;0,2
COX E;1;0,06
COX L;1;0,02
COY C;1;0,11
CRAFT S;1;0,17
CRAMPTON L;1;0,25
CRANE R;1;0,13
CRAWFORD C;1;0,05
CRAWFORD J;1;0,5
CREE B;1;0,02
CRESWELL R;1;0,14
CRIPPS A;1;0,2
CRISPIE F;1;0,11
CROSS A;1;0,05
CROWGEY E;1;0,25
CRUZ M;1;0,08
CUADRADO A;1;0,11
CUB K;1;0,13
CUCCHIARA S;1;0,17
CUERVO-ZANATTA D;1;0,33
CUI D;1;0,17
CUI F;1;0,08
CUI L;1;0,06
CUI P;1;0,08
CUI X;1;0,05
CUI Y;1;0,08
CULIAT C;1;0,06
CULLEN A;1;0,1
CUNNINGHAM D;1;0,04
CURCIC B;1;0,5
CURTIS K;1;0,07
CUSANO R;1;0,08
CUTFIELD W;1;0,05
CUZZOCREA S;1;0,11
CZECH L;1;0,5
CÁRDENAS P;1;0,11
D'AMICO F;1;0,17
DA C D;1;0,07
DA S L;1;0,09
DADHANIA D;1;0,05
DADI T;1;0,17
DAHDOULI M;1;0,09
DAI D;1;0,1
DAI H;1;0,07
DAI L;1;0,2
DAI W;1;0,11
DAI X;1;0,2
DALBY M;1;0,08
DALIRI E;1;0,25
DALY R;1;0,08
DAMARAJU N;1;0,07
DAN K;1;0,17
DAN Z;1;0,06
DANG K;1;0,06
DANG Y;1;0,11
DANGOL B;1;0,07
DANIELSEN M;1;0,09
DARENSKAYA M;1;0,2
DARZI A;1;0,04
DAS M;1;0,25
DAS P;1;0,25
DAS S;1;0,14
DATORRE J;1;0,1
DAVE M;1;0,33
DAVID J;1;0,13
DAVID M;1;0,5
DAVID P;1;0,33
DAVIES C;1;0,17
DAVIES G;1;0,09
DAVIES P;1;0,25
DAVIGLUS M;1;0,08
DAVIS D;1;0,06
DAVIS M;1;0,09
DAVIS R;1;0,2
DE A P;1;0,08
DE A S;1;0,08
DE B M;1;0,25
DE B S;1;0,05
DE C A;1;0,1
DE C B;1;0,07
DE F C;1;0,06
DE F F;1;0,08
DE G L;1;0,03
DE J A;1;0,06
DE J P;1;0,2
DE K A;1;0,05
DE M P L;1;0,1
DE N L;1;0,11
DE P A;1;0,07
DE S S;1;0,33
DE V I;1;0,05
DEAN E;1;0,08
DEBES A;1;0,08
DEBÉDAT J;1;0,05
DECINA I;1;0,06
DEDOUSSIS G;1;0,08
DEEKE S;1;0,07
DEFELICE B;1;0,08
DEFFUR A;1;0,25
DEKKER E;1;0,17
DEL C R;1;0,2
DEL P A;1;0,11
DELEDDA A;1;0,08
DELGADO S;1;0,11
DELHAES L;1;0,13
DELIK A;1;0,2
DELL A;1;0,08
DELOUKAS P;1;0,08
DEMACHKI S;1;0,08
DEMCHENKO E;1;0,17
DEMPSEY E;1;0,1
DENAMUR E;1;0,07
DENG S;1;0,1
DEPPENMEIER U;1;0,5
DER S V;1;0,04
DERRAIK J;1;0,05
DESCORPS-DECLERE S;1;0,07
DESSEYN J;1;0,05
DEVKOTA S;1;1
DEVLIN J;1;0,05
DEWALT J;1;0,13
DEWHIRST F;1;0,14
DHUDASIA M;1;0,1
DI C A;1;0,14
DI G C;1;0,2
DI G M;1;0,25
DI R R;1;0,08
DIANA A;1;0,08
DIANTONIO A;1;0,07
DICHOSA A;1;0,07
DIETRICH A;1;0,08
DIETRICH O;1;0,08
DIETZ-PFEILSTETTER A;1;0,33
DIGGA E;1;0,02
DIJKSTRA G;1;0,08
DILMORE A;1;0,13
DIMITRIOU M;1;0,08
DINAN T;1;0,14
DING L;1;0,13
DING M;1;0,09
DING W;1;0,09
DINIS M;1;0,09
DINÇER S;1;0,2
DIOGUARDI C;1;0,06
DIOLETIS E;1;0,13
DIOP A;1;0,1
DISHAW L;1;0,2
DITTO M;1;0,07
DIWAN A;1;0,25
DJORIE S;1;0,05
DJURFELDT D;1;0,17
DO N W;1;0,08
DOBERER D;1;0,08
DODIYA H;1;0,11
DOGRU Y;1;0,07
DONATI-HIRSCH I;1;0,13
DONG H;1;0,07
DONG K;1;0,06
DONG L;1;0,08
DONG N;1;0,07
DONG T;1;0,09
DONG X;1;0,06
DONG Y;1;0,17
DONGHIA N;1;0,11
DONOHUE K;1;0,06
DONOVAN S;1;0,08
DORIA M;1;0,04
DORSETT Y;1;0,05
DORÉ J;1;0,13
DOS S G M;1;0,13
DOS S S;1;0,08
DOS S W;1;0,1
DOTAN I;1;0,08
DOTTA L;1;0,08
DOU C;1;0,08
DOU S;1;0,11
DOWD S;1;0,1
DRAPER L;1;0,11
DRAUTZ-MOSES D;1;0,08
DRIDER D;1;1
DROUILLARD S;1;0,13
DU G;1;0,1
DU H;1;0,09
DU M;1;0,09
DU Q;1;0,2
DU T E;1;0,25
DUAN H;1;0,08
DUAN J;1;0,09
DUAN L;1;0,2
DUAN X;1;0,14
DUAN Y;1;0,08
DUBEY A;1;0,14
DUBINSKY V;1;0,08
DUBOURG G;1;0,1
DUCHI D;1;0,11
DUGDALE H;1;0,17
DUNN M;1;0,06
DUPONT S;1;0,08
DUQUE J;1;0,14
DURBIN-JOHNSON B;1;0,08
DURDEVIC M;1;0,07
DURÃES R;1;0,1
DUSSURGET O;1;0,07
DUTILH B;1;0,2
DUTTA S;1;0,07
DUVVURU S;1;0,06
DY A;1;0,11
DYKES G;1;0,5
DZINK-FOX J;1;0,13
DÄULLARY T;1;0,08
DÍAZ-BENÍTEZ C;1;0,08
DÍEZ-FUERTES F;1;0,13
DÖSCHER N;1;0,08
DÖTSCH A;1;0,06
D’ALESSANDRO-GABAZZA C;1;0,07
D’AMELIO R;1;0,08
D’EUSEBIO C;1;0,07
D’SOUZA D;1;0,08
EASTON A;1;0,05
EBNER F;1;0,1
EBRAHIMI M;1;0,25
EDELMANN M;1;0,33
EDEN K;1;0,17
EDLUND A;1;0,09
EDUSEI E;1;0,05
EETEMADI A;1;0,17
EGELI U;1;0,13
EHRHARDT K;1;0,1
EHRLICH A;1;0,13
EHRLICH D;1;0,13
EIJSINK V;1;0,05
EISENHOFER R;1;0,33
EKBLAD C;1;0,05
EKPE K;1;0,05
EL A S;1;0,11
EL M J;1;0,09
ELBARCHA O;1;0,17
ELEBI A;1;0,25
ELIJAH E;1;0,13
ELMASSRY M;1;0,33
ELO L;1;0,11
ELODIE C;1;0,03
ELSAYED S;1;0,11
EL?SERAG H;1;0,13
EMLET C;1;0,33
ENAUD R;1;0,13
ENDRES K;1;0,13
ENGEN P;1;0,11
ENNS W;1;0,11
ER Y;1;0,05
ERAKSOY M;1;0,09
ERICSSON A;1;0,5
ERKKILA H;1;0,07
ERNST M;1;0,09
ERNST T;1;0,07
ERRAZQUIN N;1;0,05
ESPOSITO E;1;0,11
ESQUIVEL-HERNÁNDEZ D;1;0,17
ESSEX M;1;0,11
ESTELLAT C;1;0,09
ESTRADA V;1;0,06
EUTAMÈNE H;1;0,06
EVANS E;1;0,05
EVANS R;1;0,08
EZEJI J;1;0,07
F E I;1;0,14
FABER K;1;0,08
FACCHIN S;1;0,09
FADDA M;1;0,07
FAGAN A;1;0,08
FAGAN W;1;0,2
FAGERBERG L;1;0,05
FAGUNDES R;1;0,08
FAIBIS S;1;0,11
FAIRWEATHER-TAIT S;1;0,03
FAITS T;1;0,11
FALCÓN-PÉREZ J;1;0,05
FALL L;1;0,08
FALÀ A;1;0,2
FAN B;1;0,11
FAN D;1;0,05
FAN F;1;0,07
FAN L;1;0,17
FAN N;1;0,11
FAN Q;1;0,17
FAN R;1;0,14
FAN Z;1;0,17
FANG C;1;0,2
FANG J;1;0,03
FANG L;1;0,1
FANG S;1;0,04
FANG Y;1;0,08
FAREZ M;1;0,02
FARHAT A;1;0,33
FARNSWORTH C;1;0,11
FAROOQ U;1;0,13
FARRINGTON M;1;0,08
FARRIS J;1;0,07
FATIMA Z;1;0,33
FAYYAZ S;1;0,13
FEDARKO M;1;0,06
FEHSE L;1;0,06
FEI C;1;0,08
FEI D;1;0,2
FEIL E;1;0,06
FEIZI T;1;0,08
FELDBACHER N;1;0,07
FELIX J;1;0,03
FENG M;1;0,04
FENG P;1;0,13
FENG X;1;0,05
FENG Y;1;0,07
FENSKE R;1;0,06
FERNANDEZ M;1;0,05
FERNANDEZ-ALFARA M;1;0,05
FERNANDEZ-GARCÍA J;1;0,05
FERNANDO S;1;0,09
FERNÁNDEZ E;1;0,17
FERNÁNDEZ-CARRIÓN R;1;0,05
FERNÁNDEZ-EULATE G;1;0,05
FERRARI F;1;0,08
FERREIRA L;1;0,08
FERRERO G;1;0,08
FERROCINO I;1;0,07
FESKINS E;1;0,03
FEY C;1;0,08
FICARA M;1;0,08
FIEDLER T;1;0,1
FIELD R;1;0,13
FIELDS M;1;0,13
FIEVEZ F;1;0,14
FILIMONOV D;1;0,17
FILIPPONE A;1;0,11
FILLOUX A;1;0,2
FILZMOSER P;1;0,5
FINKELSTEIN J;1;0,06
FINLAY B;1;0,05
FINN R;1;0,06
FINUCCI A;1;0,07
FIRRMAN J;1;0,13
FISCHER C;1;0,08
FITO M;1;0,05
FLANAGAN B;1;0,17
FLORES N;1;0,11
FLYNN R;1;0,08
FODOR A;1;0,08
FOGELHOLM M;1;0,08
FONTANA R;1;0,06
FOOKES M;1;0,08
FORBES-BLOM E;1;0,05
FORBES-HERNÁNDEZ T;1;0,14
FORD A;1;0,09
FOREST C;1;0,17
FORNARO G;1;0,08
FORNASINI M;1;0,11
FORSTER S;1;0,06
FORSYTH C;1;0,11
FORTINGUERRA S;1;0,25
FOSTER C;1;0,06
FOURNIER P;1;0,1
FOURRE S;1;0,06
FOX J;1;0,13
FRACZKIEWICZ J;1;0,06
FRANCAVILLA A;1;0,08
FRANCE M;1;0,06
FRANCESCHI D;1;0,14
FRANCESCHINI N;1;0,08
FRANKE K;1;0,25
FRANKE T;1;0,5
FRANKEL A;1;0,25
FRANKLIN C;1;0,5
FRIEDRICH A;1;0,06
FRITZSCHE M;1;0,14
FU B;1;0,06
FU E;1;0,08
FU G;1;0,06
FU J;1;0,07
FU R;1;0,17
FU S;1;0,17
FU T;1;0,11
FU W;1;0,04
FU Y;1;0,13
FUCHS M;1;0,08
FUCHS S;1;0,02
FUENTES S;1;0,09
FULCI V;1;0,17
FULLER M;1;0,06
FULTZ R;1;0,2
FUREY N;1;0,2
FURUTA Y;1;0,11
FUSARO E;1;0,07
FUSHINOBU S;1;0,07
GABALDÓN T;1;0,13
GABAZZA E;1;0,07
GABINAUD B;1;0,06
GACHET B;1;0,09
GADARA D;1;0,11
GAHAN C;1;0,2
GAIBANI P;1;0,08
GAINA G;1;0,2
GAJER P;1;0,06
GALANIS A;1;0,13
GALATA V;1;0,11
GALEEV A;1;0,1
GALIÈ S;1;0,05
GALLARDO-BECERRA L;1;0,25
GALLEGO J;1;0,05
GALLUCCIO J;1;0,11
GAMAGE H;1;0,2
GAMBLIN C;1;0,05
GAMIAN A;1;0,5
GAN J;1;0,14
GAN X;1;0,1
GANZHORN J;1;0,17
GAO D;1;0,14
GAO F;1;0,1
GAO G;1;0,1
GAO H;1;0,03
GAO J;1;0,09
GAO N;1;0,13
GAO R;1;0,1
GAO T;1;0,05
GARCIA-MANTRANA I;1;0,25
GARCIA-MAZCORRO J;1;0,1
GARCIA-MENA J;1;0,33
GARCIA-PRAS E;1;0,05
GARCIA-RODRIGUEZ A;1;0,1
GARCÉS D;1;0,11
GARCÍA F;1;0,13
GARCÍA-BELENGUER S;1;0,17
GARCÍA-COBOS S;1;0,06
GARDINER L;1;0,13
GARGOURI A;1;0,09
GARRETT W;1;0,33
GARRIGA-GARCÍA M;1;0,2
GARSSEN J;1;0,11
GARUD N;1;0,5
GARZETTI D;1;0,08
GASC C;1;0,17
GASKINS H;1;0,11
GASPERINI C;1;0,05
GATERMANN S;1;0,13
GATSE A;1;0,05
GAULKE C;1;0,17
GAUTHIER J;1;0,08
GAUTIER R;1;0,06
GAVIS E;1;0,08
GAÏA N;1;0,09
GE A;1;0,17
GE H;1;0,14
GE X;1;0,17
GE Z;1;0,2
GEIGER G;1;0,1
GELFAND J;1;0,02
GELLMAN M;1;0,08
GELPI J;1;0,03
GEMMELL C;1;0,06
GENG G;1;0,06
GENG J;1;0,07
GENG S;1;0,17
GENSER L;1;0,05
GENTEKAKI E;1;0,13
GENTILE A;1;0,06
GERBER G;1;0,14
GERBER S;1;0,13
GERDES L;1;0,02
GERDES V;1;0,25
GERLINGER M;1;0,04
GERVIS J;1;0,11
GHANNOUM M;1;0,2
GHAZAL H;1;0,11
GHEZZI L;1;0,05
GHIGO E;1;0,07
GHOSH S;1;0,07
GHUGRE P;1;0,06
GHYSELINCK J;1;0,17
GIACOBBE J;1;0,03
GIAMPIERI E;1;0,03
GIAMPIERI F;1;0,14
GIANETTO-HILL C;1;0,06
GIANNARI D;1;0,33
GIANNELLA M;1;0,08
GIANNONE R;1;0,02
GIAVARINI F;1;0,06
GIDLEY M;1;0,17
GILL P;1;0,11
GILLEVET P;1;0,08
GILLIS C;1;0,09
GIOFFREDA D;1;0,06
GIRARD M;1;0,09
GIRDHAR K;1;0,07
GIROTRA M;1;0,14
GIUFFRÈ L;1;0,11
GLASER P;1;0,07
GLAZE D;1;0,09
GLUCKMAN P;1;0,07
GODNY L;1;0,08
GODY J;1;0,05
GOITRE I;1;0,07
GOLAN N;1;0,08
GOLDIN R;1;0,04
GOLOVICHEVA V;1;0,05
GOLUBEVA A;1;0,09
GOMEZ R;1;0,02
GOMEZ-PEREZ A;1;0,05
GOMEZ-ROMERO M;1;0,04
GONDJE B;1;0,05
GONG C;1;0,05
GONZALEZ E;1;0,25
GONZÁLEZ B M;1;0,03
GONZÁLEZ P A;1;0,02
GONZÁLEZ-CORREA C;1;0,08
GOOD C;1;0,07
GOODSON M;1;0,2
GOPALKRISHNA;1;0,25
GOPHNA U;1;0,08
GORAYA M;1;0,17
GORDON J;1;0,07
GORKIEWICZ G;1;0,17
GORMLEY M;1;0,05
GORYANIN I;1;0,33
GOSALBES M;1;0,06
GOTOH A;1;0,07
GOTTARDI F;1;0,06
GOTTELAND M;1;0,17
GOTTRAND F;1;0,05
GOU H;1;0,2
GOUW J;1;0,13
GOVI B;1;0,11
GOVILLARD L;1;0,05
GOÑI I;1;0,11
GRADISTEANU-PIRCALABIORU G;1;0,2
GRANICA S;1;0,17
GRANT K;1;0,13
GRASA L;1;0,17
GRASSL G;1;0,1
GRAU J;1;0,06
GRAVES J;1;0,02
GRAY J;1;0,13
GRAY-OWEN S;1;0,06
GREEN S;1;0,11
GREENHALGH D;1;0,2
GREGERSEN N;1;0,1
GRICOURT G;1;0,05
GRIFFIN T;1;0,02
GRIGORE L;1;0,06
GRIGORIOU E;1;0,08
GRIGOR’EVA I;1;0,17
GRIONI S;1;0,08
GROMBI?ÍKOVÁ H;1;0,08
GRUBA N;1;0,09
GRUBE-PAGOLA P;1;0,1
GRUSON D;1;0,13
GU H;1;0,08
GU L;1;0,17
GU M;1;0,14
GU Q;1;0,08
GU T;1;0,11
GU W;1;0,08
GU Z;1;0,11
GUADAGNINI D;1;0,11
GUAN M;1;0,09
GUAN X;1;0,1
GUARDADO-MENDOZA R;1;0,17
GUDA C;1;0,2
GUENOU E;1;0,08
GUERRA-HERNÁNDEZ E;1;0,07
GUIDARELLI G;1;0,05
GUIJA-POMA E;1;0,07
GUIMARÃES A;1;0,07
GUIMARÃES D;1;0,1
GUIMARÃES V;1;0,07
GUINO E;1;0,1
GUINTO E;1;0,11
GUL F;1;0,11
GUMBI W;1;0,13
GUNDERSON C;1;0,09
GUNGOR C;1;0,05
GUO B;1;0,08
GUO D;1;0,07
GUO G;1;0,2
GUPTA U;1;0,14
GUR?U F;1;0,11
GUSSOW A;1;0,13
GUTHERY E;1;0,06
GUTHRIE L;1;0,08
GUTIERREZ M;1;0,07
GUTIÉRREZ-MICELI F;1;0,11
GUTIÉRREZ-SARMIENTO W;1;0,11
GWAK H;1;0,5
GÓMEZ J;1;0,11
GÓNZALEZ E;1;0,05
GÜELL M;1;0,13
HAAG A;1;0,09
HAAS J;1;0,06
HADZEGA D;1;0,08
HAGEN L;1;0,02
HAGSTRØM S;1;0,09
HAHM D;1;0,25
HAIHONG L;1;0,13
HAIMINEN N;1;0,13
HAKIM D;1;0,02
HALLER D;1;0,08
HALWACHS B;1;0,17
HAMDI S;1;0,11
HAMEED A;1;0,17
HAMEED S;1;0,33
HAMIDI B;1;0,33
HAMILTON A;1;0,05
HAMILTON J;1;0,14
HAMMER T;1;0,1
HAN D;1;0,1
HAN F;1;0,09
HAN H;1;0,08
HAN K;1;0,09
HAN L;1;0,14
HAN P;1;0,13
HAN W;1;0,11
HANA C;1;0,08
HANDA O;1;0,11
HANG P;1;0,09
HANKELN T;1;0,13
HANOVER J;1;0,33
HANSEN A;1;0,09
HANSEN C;1;0,09
HANSEN L;1;0,09
HAO F;1;0,17
HAO H;1;0,1
HAO J;1;0,1
HAO M;1;0,08
HARA K;1;0,14
HARCOURT K;1;0,07
HARKE S;1;0,25
HARMSEN H;1;0,08
HAROKOPOS V;1;0,13
HARROUD A;1;0,02
HARTMAN E;1;0,1
HARTMANN S;1;0,1
HASEGAWA A;1;0,14
HASHIMOTO K;1;0,5
HASLAM S;1;0,08
HASÇELIK G;1;0,33
HATT J;1;0,11
HATZIS P;1;0,13
HAUNER H;1;0,08
HAUSER S;1;0,02
HAWKEY P;1;0,09
HAYANI R;1;0,1
HAYES R;1;0,13
HE G;1;0,09
HE K;1;0,14
HE M;1;0,2
HE Q;1;0,09
HE T;1;0,08
HE W;1;0,1
HEATH K;1;0,09
HEAVENS D;1;0,08
HEGAZY S;1;0,33
HEIDER D;1;0,06
HEIDRICH B;1;0,08
HEIL K;1;0,03
HEINKEN A;1;0,11
HEINLE C;1;0,08
HEITLINGER E;1;0,1
HELANDER M;1;0,14
HELBERT W;1;0,13
HELFERICH W;1;0,08
HELMS M;1;0,08
HENDERSON I;1;0,33
HENRIKSEN C;1;0,11
HENRISSAT B;1;0,13
HEPP L;1;0,08
HERAULT Y;1;0,03
HERBOLD C;1;0,08
HERENDI L;1;0,04
HERMAN C;1;0,08
HERMAN L;1;0,07
HERMANS N;1;0,11
HERMES G;1;0,03
HERNANDEZ-FLORES K;1;0,1
HERPERTZ S;1;0,13
HERTEL J;1;0,11
HEYER R;1;0,02
HIDALGO-CANTABRANA C;1;0,11
HIGGINBOTTOM S;1;0,08
HILDEBRAND F;1;0,17
HILTY M;1;0,14
HINDERSSON P;1;0,09
HIRATA K;1;0,33
HIRSCH A;1;0,08
HIRSCH J;1;0,13
HIRSCHFIELD G;1;0,07
HO C;1;0,33
HO N;1;0,25
HOBSON C;1;0,09
HOCH K;1;0,09
HODGKINSON J;1;0,14
HOFFMAN K;1;0,13
HOFMAN P;1;0,05
HOFMANN J;1;0,1
HOGENAUER C;1;0,17
HOLM M;1;0,08
HOLMES A;1;0,11
HONAP T;1;0,07
HONDA C;1;0,09
HONG J;1;0,08
HONG M;1;0,06
HONG S;1;0,14
HONG Y;1;0,08
HOOD L;1;0,05
HOOZEMANS J;1;0,25
HOPPERTON A;1;0,07
HOPSON L;1;0,13
HORNIBLOW R;1;0,07
HORVATH A;1;0,07
HOSOKAWA M;1;0,13
HOU H;1;0,09
HOU K;1;0,07
HOU M;1;0,17
HOU S;1;0,17
HOU Y;1;0,08
HOU Z;1;0,1
HOWARD T;1;0,11
HOWITT M;1;0,33
HROMADA S;1;0,14
HSIEH Y;1;0,17
HU A;1;0,1
HU C;1;0,25
HU Q;1;0,1
HUA H;1;0,17
HUA X;1;0,07
HUA Y;1;0,03
HUANG E;1;0,1
HUANG M;1;0,2
HUANG P;1;0,09
HUANG T;1;0,08
HUBAR V;1;0,13
HUDLIKAR R;1;0,13
HUESO T;1;0,05
HUESTON C;1;0,11
HUEY S;1;0,06
HUG L;1;0,25
HUGENHOLTZ P;1;0,14
HUGHES D;1;0,04
HUGHES E;1;0,09
HUI D;1;0,06
HUI T;1;0,1
HULLAR M;1;0,07
HUMPHREY G;1;0,02
HUMPHREYS I;1;0,17
HUMPHRYS M;1;0,06
HUNG L;1;0,08
HUO J;1;0,13
HUO L;1;0,08
HUTCHISON E;1;0,05
HUUS K;1;0,05
HUYNH T;1;0,14
HYNES A;1;0,5
HYUN H;1;0,08
HÄNNINEN A;1;0,11
HÖRMANN-WALLNER M;1;0,08
IABLOKOV S;1;0,13
IBANEZ-SANZ G;1;0,1
IBEAWUCHI S;1;0,14
IDE K;1;0,13
IGLESIAS R;1;0,14
IGNATYEVA O;1;0,05
IGUCHI A;1;0,1
IKECHUKWU C;1;0,06
IKUBO Y;1;0,06
ILESANMI-OYELERE B;1;0,2
ILMER M;1;0,08
IM S;1;0,04
IMAMOVIC L;1;0,09
IMBERTY A;1;0,08
IMDAHL F;1;0,08
IMHANN F;1;0,07
INGERSOLL M;1;0,07
INGHAM A;1;0,1
INGLIS B;1;0,08
INOUE R;1;0,11
INTAPAN P;1;0,13
IONICA E;1;0,2
IONOV N;1;0,17
IP M;1;0,09
IPPOLITO A;1;0,06
IQBAL M;1;0,07
IQBAL T;1;0,07
IRIARTE R;1;0,11
IRIBARREN C;1;0,1
IRUDAYARAJ J;1;0,2
IRVIN A;1;0,2
ISHAK G;1;0,08
ISHIOKA K;1;0,1
ISHOEY T;1;0,13
ISLAM J;1;0,14
ISLAM K;1;0,17
IUGHETTI L;1;0,08
IVANETS T;1;0,05
IVANOV A;1;0,08
IVANOV M;1;0,05
IVANOVA L;1;0,05
IVANOVA V;1;0,08
IWATANI Y;1;0,09
IZMIRLY P;1;0,11
IZQUIERDO-GARCÍA J;1;0,07
JAAN A;1;0,11
JABLAOUI A;1;0,09
JACOBS J;1;0,09
JACOBS M;1;0,07
JADDOE V;1;0,03
JAFARI S;1;0,25
JALO E;1;0,08
JAMA H;1;0,11
JAMAL A;1;0,13
JAMAL R;1;0,2
JAMEEL S;1;0,13
JAMESON E;1;0,33
JAMIL T;1;0,07
JANOFSKY E;1;0,06
JANSMA J;1;0,11
JANWAN P;1;0,13
JARAMILLO S;1;0,08
JARIWALA P;1;0,09
JARQUÍN-DÍAZ V;1;0,1
JARVINEN K;1;0,08
JASHAR D;1;0,5
JAYAN S;1;0,05
JAYASINGHE T;1;0,05
JENKINS I;1;0,07
JENKINS T;1;0,14
JENNINGS A;1;0,03
JENSEN M;1;0,02
JEON C;1;0,25
JEON S;1;0,08
JEONG H;1;0,2
JEONG Y;1;0,08
JESPERSEN M;1;0,09
JHA N;1;0,2
JHA S;1;0,2
JI B;1;0,25
JI D;1;0,08
JI J;1;0,14
JI L;1;0,09
JI X;1;0,11
JI Z;1;0,11
JIA B;1;0,25
JIA J;1;0,2
JIA N;1;0,2
JIA Q;1;0,07
JIAMIN X;1;0,13
JIAN C;1;0,08
JIAN J;1;0,11
JIANG D;1;0,13
JIANG F;1;0,06
JIANG J;1;0,2
JIANG N;1;0,1
JIANG R;1;0,1
JIANG Z;1;0,09
JIAO J;1;0,17
JIAO L;1;0,13
JIMENEZ A;1;0,09
JIMENÉZ-HERNANDÉZ N;1;0,06
JIN H;1;0,08
JIN J;1;0,13
JIN O;1;0,1
JIN Q;1;0,2
JIN Y;1;0,13
JINATHAM V;1;0,13
JING C;1;0,11
JING D;1;0,11
JING Z;1;0,05
JO H;1;0,14
JOAQUÍN C C;1;0,1
JOBIN C;1;0,08
JOCHUM L;1;0,08
JOHANSEN J;1;0,09
JOHANSEN M;1;0,11
JOHNSEN J;1;0,1
JOHNSON W;1;0,11
JOHNSTON E;1;0,11
JONCQUEL-CHEVALLIER C M;1;0,05
JONES M;1;0,33
JONKERS D;1;0,07
JOOSSENS M;1;0,13
JOSHI T;1;0,08
JU F;1;0,2
JU J;1;0,08
JUCKEL G;1;0,13
JUGE N;1;0,13
JULIEN C;1;0,13
JUNG M;1;0,17
JUNQUEIRA A;1;0,08
JÄRVELIN M;1;0,03
KABILOV M;1;0,17
KABLE M;1;0,08
KADI F;1;0,05
KAFFE E;1;0,13
KAFYRA M;1;0,08
KAGONÉ T;1;0,07
KAHALEHILI H;1;0,13
KAHL S;1;0,08
KAHRAMAN G;1;0,14
KALAFATI I;1;0,08
KALAVSKA K;1;0,08
KALEB K J;1;0,05
KALETA C;1;0,33
KALINOWSKI J;1;0,1
KALLEMOSE T;1;0,08
KALUZA J;1;0,03
KAMAL K;1;0,11
KAMATH P;1;0,33
KAMM M;1;0,05
KAN B;1;0,05
KANAYA S;1;0,2
KANG K;1;0,09
KANG L;1;0,09
KANG X;1;0,09
KANWAL F;1;0,13
KAO J;1;0,2
KAPEL N;1;0,05
KAPLAN E;1;0,07
KARABA M;1;0,08
KARAO?ULLARINDAN Ü;1;0,2
KARAS P;1;0,14
KARCHER N;1;0,11
KARI L;1;0,25
KARIG D;1;0,2
KARIM M;1;0,2
KARLSSON N;1;0,07
KARLYSHEV A;1;0,11
KARNANI N;1;0,07
KARP P;1;0,33
KARPOUZAS D;1;0,14
KARSTOFT K;1;0,11
KARTAL E;1;0,11
KASAHARA K;1;0,05
KASAMBARA W;1;0,08
KASHTANOVA D;1;0,05
KATAYAMA T;1;0,07
KATO T;1;0,06
KATOH T;1;0,07
KATZ S I;1;0,02
KAUFMAN J;1;0,13
KAUR H;1;0,25
KAVOUSI K;1;0,25
KAWASHIMA H;1;0,09
KAYABA?I E;1;0,14
KAYE D;1;0,08
KAYSER B;1;0,09
KAZAMA J;1;0,1
KEARNEY M;1;0,09
KEAWSOMPONG S;1;0,14
KEEFE C;1;0,08
KEFENG D;1;0,5
KEIZER D;1;0,08
KELLEY K;1;0,07
KELLEY-LOUGHNANE N;1;0,2
KEMBEL S;1;0,17
KENNEDY L;1;0,13
KERKVLIET N;1;0,13
KESHAVARZIAN A;1;0,11
KESHTELI A;1;0,17
KEYYU J;1;0,09
KH F J;1;0,08
KHALAF O;1;0,14
KHALID K;1;0,11
KHAMIS M;1;0,14
KHAN A;1;0,1
KHAN M;1;0,5
KHAN N;1;0,09
KHARAZMI M;1;0,25
KHATAMI S;1;0,11
KHAYAT A;1;0,08
KHAYAT B;1;0,08
KHELAIFIA S;1;0,1
KHINE W;1;0,11
KHOKHLOVA E;1;0,11
KHOO B;1;0,08
KHORETONENKO M;1;0,07
KHOROSHKIN M;1;0,13
KHORUTS A;1;0,08
KHRAMTSOV A;1;0,17
KHUAT L;1;0,33
KHUNGAR V;1;0,07
KIEBISH M;1;0,07
KIKUCHI J;1;0,06
KILLEEN S;1;0,11
KIM G;1;0,04
KIM I;1;0,04
KIM N;1;0,07
KIM S;1;0,33
KIM W;1;0,08
KIMPLE M;1;0,06
KING M;1;0,14
KINROSS J;1;0,04
KINSCHERF R;1;0,06
KIRBACH K;1;0,09
KISSMANN A;1;0,08
KITTANA H;1;0,09
KIU R;1;0,08
KLANN E;1;0,33
KLASSEN L;1;0,14
KLEIN P;1;0,13
KLEIN S;1;0,09
KLEINER M;1;0,02
KLETER G;1;0,33
KLUCAR L;1;0,08
KLYMIUK I;1;0,07
KNIGHTS D;1;0,25
KNIPPSCHILD U;1;0,08
KNOL J;1;0,13
KNUDSEN C;1;0,06
KNUDSEN S;1;0,08
KNÖDLSEDER N;1;0,13
KOGAWA M;1;0,13
KOH A;1;0,25
KOH E;1;0,11
KOH H;1;0,5
KOH I;1;0,33
KOKARAS A;1;0,14
KOKKINIAS K;1;0,08
KOKKINOS A;1;0,08
KOLDE R;1;0,1
KOLLURI S;1;0,13
KOLODNITSKY A;1;0,17
KOLOVOU G;1;0,08
KOMAROVA I;1;0,07
KOMDEUR J;1;0,17
KONG A;1;0,13
KONSTANTINIDIS K;1;0,11
KOO I;1;0,14
KOONIN E;1;0,13
KOP L;1;0,08
KORF I;1;0,08
KOROBEYNIKOV A;1;0,08
KOROPATKIN N;1;0,07
KOSAI I;1;0,09
KOSKI K;1;0,25
KOSTIC A;1;0,33
KOSTYUK G;1;0,2
KOTÁSKOVÁ I;1;0,08
KOU Y;1;0,33
KOUIDHI S;1;0,09
KOUVONEN P;1;0,11
KOZLAKIDIS Z;1;0,13
KRAAL L;1;0,11
KRAJMALNIK-BROWN R;1;0,13
KRAMMER T;1;0,08
KRANEVELD A;1;0,11
KREIKEMEIER-BOWER C;1;0,09
KREIKEMEYER B;1;0,1
KRETOWSKI A;1;0,17
KRIAA A;1;0,09
KRISHNA R;1;0,13
KRISHNAN S;1;0,2
KRISTAL B;1;0,07
KRISTIANSEN K;1;0,05
KROGH A;1;0,2
KRUGER M;1;0,2
KRUMMENACKER M;1;0,33
KRÁLÍ?KOVÁ P;1;0,08
KUANG D;1;0,08
KUANG H;1;0,09
KUBICZEK D;1;0,08
KUHN L;1;0,25
KUJAWSKA M;1;0,08
KULYAR M;1;0,11
KUMAR M;1;0,2
KUMAR N;1;0,06
KUMAR S;1;0,14
KUNDIK A;1;0,1
KUNG H;1;0,25
KUNKEL D;1;0,1
KUO Y;1;0,13
KURILSHIKOV A;1;0,07
KUSHWAHA K;1;0,08
KUWAHARA T;1;0,07
KUZNETSOV A;1;0,17
KWAN Y;1;0,07
KWA?NIEWSKI W;1;0,5
KWON B;1;0,08
KWON D;1;0,2
KWON H;1;0,04
KWON J;1;0,04
KWON M;1;0,07
KÜCÜKALI C;1;0,09
KÜHN F;1;0,08
KÜRTÜNCÜ M;1;0,09
LABORDA-ILLANES A;1;0,11
LACZNY C;1;0,11
LAFOREST-LAPOINTE I;1;0,07
LAGANÀ B;1;0,08
LAGISHETTY V;1;0,09
LAGKOUVARDOS I;1;0,08
LAGOMARSINO M;1;0,2
LAGUNAS-MARTÍNEZ A;1;0,08
LAGUNIN A;1;0,17
LAHTI L;1;0,5
LAI J;1;0,06
LAI X;1;0,13
LAI Y;1;0,08
LAI Z;1;0,2
LAIA N;1;0,17
LAIRD A;1;0,2
LAITINEN K;1;0,5
LAITINEN V;1;0,5
LAKHUJANI V;1;0,5
LAMACCHIA C;1;0,06
LAMERS F;1;0,03
LAMMING D;1;0,06
LAMPE J;1;0,07
LAN L;1;0,08
LAN P;1;0,05
LAN R;1;0,08
LAN T;1;0,14
LAN X;1;0,11
LANCHA J A;1;0,33
LANDOLFI G;1;0,07
LANDRAUD L;1;0,07
LANG J;1;0,17
LANGEFELD C;1;0,11
LANGELLA O;1;0,02
LANZA M;1;0,11
LARSBRINK J;1;0,5
LARSEN M;1;0,09
LASH J;1;0,08
LATENDRESSE M;1;0,33
LATIANO A;1;0,06
LATIANO T;1;0,06
LAU K;1;0,08
LAUBER M;1;0,08
LAUDADIO I;1;0,17
LAUGERO K;1;0,08
LAURITSEN M;1;0,09
LAURSEN M;1;0,33
LAVALLEE-ADAM M;1;0,14
LAVILLE E;1;0,25
LAVÍN J;1;0,05
LAW H;1;0,14
LAYDEN B;1;0,06
LAZAREVIC V;1;0,09
LE C;1;0,14
LE M L;1;0,07
LE R T;1;0,05
LE S;1;0,5
LE T;1;0,2
LEAL L;1;0,13
LEBBAOUI Y;1;0,17
LEBER B;1;0,07
LECLERC M;1;0,13
LEE B;1;0,25
LEE D;1;0,08
LEE H;1;0,08
LEE M;1;0,14
LEE P;1;0,11
LEFF J;1;0,14
LEGGETT R;1;0,08
LEHMANN T;1;0,02
LEI B;1;0,05
LEI C;1;0,07
LEI L;1;0,1
LEI Y;1;0,14
LEI Z;1;0,08
LEINO L;1;0,14
LEITE G;1;0,33
LEITH E;1;0,02
LEIVA-GEA I;1;0,11
LEKADIR K;1;0,03
LELEIWI I;1;0,08
LELIS D;1;0,07
LEMAS D;1;0,08
LEMAY D;1;0,08
LEMELLE-THOMAS K;1;0,07
LEMICHEZ E;1;0,07
LEMKE N;1;0,2
LEMME-DUMIT J;1;0,06
LEMON K;1;0,14
LENCINA C;1;0,06
LENG X;1;0,11
LEO S;1;0,09
LEONARDI S;1;0,11
LESLIE E;1;0,25
LESNER A;1;0,09
LETH M;1;0,07
LEUNG G;1;0,07
LEUNG N;1;0,06
LEUTSCHER P;1;0,09
LEWIS M;1;0,04
LEYN S;1;0,13
LEYROLLE Q;1;0,09
LIAN J;1;0,08
LIAN Z;1;0,04
LIANG H;1;0,08
LIANG M;1;0,06
LIANG P;1;0,08
LIANG Q;1;0,07
LIANG T;1;0,1
LIANG W;1;0,08
LIANG X;1;0,1
LIANG Z;1;0,09
LIAO Q;1;0,09
LIAO Y;1;0,11
LIBERATO M;1;0,13
LIBERTI A;1;0,2
LICHT T;1;0,33
LICHTENSTEIN A;1;0,11
LIE D;1;0,14
LIERE K;1;0,06
LIEW W;1;0,25
LIGDA P;1;0,14
LIM M;1;0,07
LIM U;1;0,07
LIMA K;1;0,2
LIN A;1;0,07
LIN C;1;0,13
LIN K;1;0,14
LIN P;1;0,06
LIN R;1;0,14
LINCOLN R;1;0,02
LING L;1;0,05
LING W;1;0,07
LING Y;1;0,33
LIONG M;1;0,2
LISACEK F;1;0,08
LISHAI E;1;0,14
LISKA V;1;0,04
LISOVAYA D;1;0,05
LIST M;1;0,08
LITTMAN E;1;0,05
LITWINOWICZ K;1;0,5
LIU A;1;0,2
LIU D;1;0,17
LIU P;1;0,13
LIU R;1;0,11
LO F;1;0,14
LOAYZA J;1;0,05
LOCCA A;1;0,05
LOKE P;1;0,05
LOMAN N;1;0,07
LOMBARDO D;1;0,08
LONG S;1;0,1
LONG W;1;0,1
LONG Y;1;0,07
LONNERDAL B;1;0,08
LOOMBA R;1;0,08
LOPEZ J;1;0,05
LORCA G;1;0,08
LOU J;1;0,06
LOU Y;1;0,11
LOUIE T;1;0,06
LOURENÇO L;1;0,11
LOVETT-RACKE A;1;0,05
LOVISELLI A;1;0,08
LOW K;1;0,14
LU B;1;0,09
LU D;1;0,07
LU F;1;0,08
LU H;1;0,06
LU K;1;0,17
LU Q;1;0,06
LU T;1;0,08
LU Z;1;0,11
LUBETZKY M;1;0,05
LUCIO L;1;0,11
LUESEBRINK U;1;0,06
LUKASHINA M;1;0,05
LUKIW W;1;0,25
LUNA L;1;0,06
LUO B;1;0,13
LUO F;1;0,09
LUO S;1;0,25
LUO W;1;0,17
LUO X;1;0,11
LUONG H;1;0,2
LUSTGARTEN M;1;0,17
LUU L;1;0,2
LUÑO I;1;0,17
LV R;1;0,11
LV W;1;0,1
LV X;1;0,2
LV Y;1;0,14
LY T;1;0,07
LYDIA B;1;0,17
LYIMO B;1;0,09
LYNCH S;1;0,25
LYON W;1;0,2
LYU B;1;0,08
LYU J;1;0,05
LYU L;1;0,04
LYU M;1;0,17
LYV Q;1;0,17
LÓPEZ D M A;1;0,05
LÓPEZ-VIDAL Y;1;0,07
LÖBER U;1;0,1
LÖTJÖNEN J;1;0,03
MA B;1;0,06
MA H;1;0,5
MA N;1;0,14
MA T;1;0,17
MAASOUMY B;1;0,08
MAAß S;1;0,06
MACHADO A;1;0,07
MACINTYRE D;1;0,08
MACKAY C;1;0,11
MACKIE R;1;0,07
MADAU V;1;0,08
MADL T;1;0,07
MADRID N;1;0,06
MADSEN K;1;0,17
MAGNAN M;1;0,09
MAGNE F;1;0,17
MAGNUSSON M;1;0,1
MAGRO D;1;0,11
MAGRUDER M;1;0,05
MAGUIN E;1;0,09
MAHADEVAN R;1;0,33
MAHAJAN S;1;0,2
MAHMOUDIAN M;1;0,11
MAHOWALD M;1;0,14
MAI H;1;0,08
MAI V;1;0,33
MAI Y;1;0,03
MAI Z;1;0,08
MAIJO-FERRE M;1;0,03
MAINALI K;1;0,2
MAIR C;1;0,09
MAJTA J;1;0,13
MAK J;1;0,06
MAK M;1;0,07
MAKALE E;1;0,1
MAKAROV V;1;0,05
MALARD P;1;0,09
MALEEWONG W;1;0,13
MALEK A;1;0,11
MALFERTHEINER P;1;0,13
MALIK H;1;0,17
MALVIK S;1;0,11
MAMMERI M;1;0,13
MAN W;1;0,09
MANDAL R;1;0,13
MANDAL S;1;0,33
MANDE S;1;0,25
MANDHANE P;1;0,07
MANI M;1;0,2
MANNA S;1;0,33
MANNAN A;1;0,17
MANNARELLI M;1;0,17
MANNION A;1;0,13
MANNS M;1;0,08
MANSUR R;1;0,11
MANSUY I;1;0,03
MANVAR T;1;0,5
MANVELYAN A;1;0,11
MANZANO M;1;0,06
MANZIN A;1;0,08
MAO C;1;0,08
MAO H;1;0,08
MAO L;1;0,14
MAO S;1;0,2
MAO X;1;0,06
MARANINCHI M;1;0,1
MARASHI S;1;0,25
MARCELIN G;1;0,05
MARCHESI J;1;0,04
MARCHETTI G;1;0,08
MARCISAUSKAS S;1;0,25
MARCULESCU R;1;0,08
MARDINOGLU A;1;0,05
MARGOLLES A;1;0,11
MARIANI N;1;0,03
MARIAULE V;1;0,09
MARION M;1;0,11
MARION T;1;0,2
MAROULI E;1;0,08
MARRE S;1;0,17
MARSAUX B;1;0,17
MARSHALL B;1;0,08
MARTENS L;1;0,02
MARTIN B G;1;0,33
MARTIN J;1;0,07
MARTIN S;1;0,08
MARTINEZ C;1;0,11
MARTINEZ S;1;0,07
MARTINEZ-GONZALEZ M;1;0,05
MARTINO A;1;0,2
MARTINO C;1;0,06
MARTÍN-MORALES N;1;0,08
MARTÍNEZ-CUESTA M;1;0,2
MARTÍNEZ-LÓPEZ Y;1;0,17
MARTÍNEZ-ROMERO E;1;0,07
MARZORATI M;1;0,17
MAS-LLORET J;1;0,1
MASCLEE A;1;0,07
MASON S;1;0,04
MASOTTI A;1;0,11
MASSIMI D;1;0,09
MASSON M;1;0,11
MATA A;1;0,1
MATACCHIONE G;1;0,11
MATATOV S;1;0,11
MATCHADO M;1;0,08
MATE R;1;0,14
MATEY-HERNANDEZ M;1;0,2
MATHERON S;1;0,09
MATHIEU S;1;0,13
MATSUGISHI A;1;0,06
MATSUMOTO H;1;0,11
MATSUMOTO N;1;0,09
MATSUSHITA M;1;0,1
MATTAVELLI E;1;0,06
MATTEI L;1;0,1
MATTHAN N;1;0,11
MATTHEWS L;1;0,09
MATZ L;1;0,2
MAURICE C;1;0,33
MAYER D;1;0,08
MAYER E;1;0,09
MAYEUR C;1;0,05
MAZEL F;1;0,05
MAZUMDER R;1;0,13
MAZZA T;1;0,06
MAÍZ O;1;0,05
MBECKO J;1;0,05
MCCABE G;1;0,11
MCCARTHY C;1;0,07
MCCLIMANS C;1;0,07
MCCOMB E;1;0,06
MCCOURT M;1;0,11
MCDONALD J;1;0,04
MCGEORGE S;1;0,08
MCGINNITY T;1;0,25
MCINTYRE D;1;0,17
MCINTYRE R;1;0,11
MCIVER L;1;0,05
MCKENZIE E;1;0,05
MCMICHAEL M;1;0,17
MEDA N;1;0,07
MEDEIROS M;1;0,25
MEDEMA M;1;0,2
MEDHUS A;1;0,11
MEDINA D;1;0,2
MEGO M;1;0,08
MEGUR A;1;0,25
MEHMOOD K;1;0,07
MEHTA S;1;0,06
MEI G;1;0,13
MEIER J;1;0,13
MEIXNER M;1;0,06
MEIXUEIRO-DAZA A;1;0,1
MELL J;1;0,17
MELLERT D;1;0,06
MELNIK A;1;0,09
MELNIKOV V;1;0,11
MELZIG M;1;0,17
MENDEZ R;1;0,05
MENDOZA M;1;0,02
MENG F;1;0,17
MENG H;1;0,11
MENG P;1;0,1
MENG Q;1;0,14
MENG R;1;0,09
MENG W;1;0,09
MENGOZZI G;1;0,07
MENNI C;1;0,2
MENTZEL C;1;0,09
MENZEL P;1;0,2
MERCER E;1;0,07
MERELLI I;1;0,33
MERLO F;1;0,07
MERRILL B;1;0,08
MESSAOUDI I;1;0,13
METOS J;1;0,33
METTOUCHI A;1;0,07
METZGER M;1;0,08
MEUNIER N;1;0,03
MEZZARI M;1;0,08
MI H;1;0,1
MI K;1;0,08
MIAO J;1;0,05
MIAO M;1;0,07
MICENKOVÁ L;1;0,11
MICOL J;1;0,05
MIDDLETON D;1;0,08
MIDHA A;1;0,1
MIDJORD J;1;0,1
MIETTUNEN J;1;0,03
MIKESELL R;1;0,05
MIKKELSEN D;1;0,17
MILANESCHI Y;1;0,03
MILANESI L;1;0,33
MILANOVIC B;1;0,13
MILANOWSKA K;1;0,13
MILBRANDT J;1;0,07
MILLER D;1;0,17
MILLER P;1;0,09
MILLION M;1;0,1
MILLS D;1;0,08
MIN D;1;0,14
MIN L;1;0,09
MINARIK G;1;0,08
MINCER T;1;0,13
MING J;1;0,11
MING Z;1;0,06
MINICH J;1;0,08
MIOTELLO G;1;0,02
MIRO E I;1;0,25
MISAWA T;1;0,06
MISHRA S;1;0,17
MISHRA V;1;0,17
MISIAKOU M;1;0,09
MITCHELL A;1;0,06
MITRA S;1;0,5
MITREVA M;1;0,07
MITTAL P;1;0,2
MIURA H;1;0,11
MIYAUCHI E;1;0,06
MIYOSHI J;1;0,33
MIZUTANI S;1;0,25
MKANDAWIRE T;1;0,06
MKAOUAR H;1;0,09
MKOMA G;1;0,17
MODOS D;1;0,2
MOISSL-EICHINGER C;1;0,17
MOJARAD E;1;0,17
MOJSAK P;1;0,17
MOKHTAR N;1;0,09
MOKHTARI P;1;0,33
MOKKALA K;1;0,5
MOLENA R;1;0,14
MOLES L;1;0,02
MOLEÓN J;1;0,08
MOLLERUP S;1;0,08
MONACO C;1;1
MONDOT S;1;0,13
MONK J;1;0,06
MONROE K;1;0,07
MONSHIZADEH M;1;0,25
MONTASSIER E;1;0,25
MONTEOLIVA-SÁNCHEZ M;1;0,11
MONTGOMERY S;1;0,14
MONTI G;1;0,5
MOON J;1;0,07
MOON Y;1;0,2
MOOR J;1;0,14
MOORE K;1;0,09
MOOS V;1;0,1
MOOSSAVI S;1;0,07
MORAES T;1;0,07
MORAN U;1;0,13
MORATAL D;1;0,33
MORDVINOV V;1;0,14
MOREIRA F;1;0,08
MORENO E;1;0,06
MORENO S;1;0,06
MORENO V;1;0,1
MORENO-INDIAS I;1;0,05
MORGAN X;1;0,5
MORGUN A;1;0,13
MORIEL N;1;0,11
MORIEN E;1;0,05
MORRISON H;1;0,17
MORTENSEN K;1;0,25
MORTENSEN M;1;0,11
MOSBAH A;1;0,09
MOSES D;1;0,09
MOSKOVITZ M;1;0,11
MOSONI P;1;0,17
MOSTACCI N;1;0,14
MOTIL K;1;0,09
MOU W;1;0,17
MOULOS P;1;0,08
MU Q;1;0,13
MUELLER J;1;0,06
MUIR J;1;0,11
MUJAGIC Z;1;0,07
MUJAGOND P;1;0,04
MUKHOPADHYAY S;1;0,1
MURALIDHARAN J;1;0,05
MURALITHARAN R;1;0,11
MURAMATSU M;1;0,09
MURGA-GARRIDO S;1;0,08
MURPHY B;1;0,08
MURPHY C;1;0,11
MURPHY W;1;0,33
MURRAY I;1;0,14
MUSIC A;1;0,5
MUSSARD E;1;0,06
MUTALIB N;1;0,2
MUÑOZ M;1;0,25
MÖLLERKE A;1;0,13
MÖLZER C;1;0,08
NACCARATI A;1;0,08
NADEEM U;1;0,25
NADIMPALLI G;1;0,06
NAEGELI H;1;0,33
NAGAI-SINGER M;1;0,17
NAGARKATTI M;1;0,13
NAGARKATTI P;1;0,13
NAGLE B;1;0,1
NAGPAL R;1;0,17
NAHARIMANANANIRINA T;1;0,05
NAHORI M;1;0,07
NAIMI S;1;0,09
NAITO A;1;0,06
NAITO Y;1;0,11
NAKAI M;1;0,08
NAKAJIMA M;1;0,06
NAKPHAICHIT M;1;0,14
NALESNIK M;1;0,07
NAM I;1;0,07
NAM M;1;0,04
NANAYAKKARA S;1;0,08
NAND P;1;0,2
NANRI H;1;0,06
NAQIB A;1;0,11
NAQVI M;1;0,09
NARANJO-SUAREZ S;1;0,05
NARBAD A;1;0,17
NARITA I;1;0,1
NASH K;1;0,14
NASIR A;1;0,11
NASSAR M;1;0,11
NATARAJAN O;1;0,2
NAUMOVA N;1;0,17
NAVARRETE P;1;0,2
NAVIA B;1;0,06
NAYAK R;1;0,2
NAYFACH S;1;0,33
NDEH D;1;0,13
NDUKUM J;1;0,06
NDUNGU F;1;0,13
NEAL S C;1;0,33
NEAMAH W;1;0,13
NEJJARI C;1;0,11
NEMCOVA P;1;0,08
NEOH H;1;0,2
NEPOGODIEV S;1;0,13
NERI-ROSARIO D;1;0,17
NETH B;1;0,17
NETO M;1;0,03
NEU J;1;0,08
NEUHAUS W;1;0,08
NEUMAN J;1;0,06
NEUPANE S;1;0,11
NEUT C;1;0,05
NEVILLE B;1;0,06
NEWMAN N;1;0,13
NEYRINCK A;1;0,09
NG K;1;0,05
NG Q;1;0,1
NG W;1;0,1
NGO M;1;0,2
NGOI J;1;0,13
NGUI R;1;0,05
NGUYEN H;1;0,2
NGUYEN V;1;0,14
NHAM E;1;0,08
NI J;1;0,11
NI W;1;0,05
NI Z;1;0,06
NICHOLS R;1;0,14
NIE K;1;0,07
NIE M;1;0,11
NIE X;1;0,06
NIE Y;1;0,1
NIELSEN K;1;0,1
NIESS H;1;0,08
NIEUWDORP M;1;0,25
NIGAM S;1;0,33
NIGATOLOUM S;1;0,05
NILAWE P;1;0,14
NISHIKAWA Y;1;0,13
NISSEN J;1;0,09
NITERT M;1;0,17
NITISINPRASERT S;1;0,14
NIU J;1;0,06
NIU Q;1;0,1
NIU R;1;0,07
NIU S;1;0,09
NIU X;1;0,07
NIU Y;1;0,09
NOCHI T;1;0,14
NOGUEIRA T;1;0,33
NOH J;1;0,08
NOH M;1;0,04
NOON E;1;0,05
NORATA G;1;0,06
NOROUZI-BEIRAMI M;1;0,25
NOROUZINIA M;1;0,17
NOVICHKOV P;1;0,13
NURK S;1;0,06
NYEGAARD M;1;0,09
N?MCOVÁ E;1;0,08
O'CONNOR P;1;0,1
O'DWYER J;1;0,17
O'HARA B;1;0,06
O'REILLY C;1;0,1
O'SULLIVAN J;1;0,05
O'SULLIVAN Ó;1;0,1
O'TOOLE P;1;0,03
O'VALLE F;1;0,08
OBERT K;1;0,05
OBON-SANTACANA M;1;0,1
OBREGON-TITO A;1;0,07
OBREGÓN D;1;0,13
ODA A;1;0,1
ODRZYWOLEK K;1;0,13
OEZGUEN N;1;0,09
OH J;1;0,07
OH Y;1;0,14
OHNO H;1;0,06
OKSENBERG J;1;0,02
OLBEYRA R;1;0,05
OLIVEIRA J;1;0,07
OLIVEIRA M;1;0,1
OLIVER A;1;0,08
OLIVIER-VAN S S;1;0,33
OLIVIERI F;1;0,11
OLMASTRONI E;1;0,06
OMONDI O S;1;0,11
ONG E;1;0,2
ONG I;1;0,06
ONO N;1;0,2
OPPLIGER A;1;0,14
OR L;1;0,05
ORBE-ORIHUELA Y;1;0,08
ORCASITAS A;1;0,05
ORELLANA L;1;0,11
ORIEUX A;1;0,13
ORSINI G;1;0,08
ORTIZ L;1;0,1
ORTIZ P;1;0,13
OSAWA M;1;0,11
OSMAN I;1;0,13
OSMAN M;1;0,2
OSSANDON F;1;0,11
OSTERHOF C;1;0,13
OTAEGUI D;1;0,02
OTAL A;1;0,07
OTTAVIANO E;1;0,14
OTTESEN E;1;0,1
OU Q;1;0,13
OU Z;1;0,2
OUYANG X;1;0,13
OUYANG Y;1;0,08
OVERESCH G;1;0,14
OVERKLEEFT H;1;0,09
OYESOLA O;1;0,05
OZAKI R;1;0,09
OZCAN B;1;0,05
OZGA A;1;0,07
O’ R M;1;0,11
O’CONNOR P;1;0,17
O’DONNELL J;1;0,08
O’REILLY C;1;0,17
O’SHEA C;1;0,1
O’SULLIVAN J;1;0,2
O’SULLIVAN Ó;1;0,17
PAALANNE N;1;0,13
PACKIANATHER M;1;0,14
PAETZOLD B;1;0,13
PAIVA R;1;0,13
PAKHARUKOVA M;1;0,14
PALACIO J;1;0,17
PALERMO A;1;1
PALM N;1;0,07
PALMA M L;1;0,06
PALMAS V;1;0,08
PALMIERI O;1;0,06
PALONE F;1;0,17
PALSSON B;1;0,06
PALUMBO A;1;0,06
PAMER E;1;0,05
PAN H;1;0,17
PAN Q;1;0,13
PANAGIOTOU G;1;0,09
PANCHE A;1;0,25
PANDEY A;1;0,13
PANDEY R;1;0,33
PANEBIANCO C;1;0,08
PANERO V;1;0,08
PANG C;1;0,07
PANG M;1;0,14
PANG W;1;0,07
PANG Y;1;0,1
PANIER H;1;0,05
PANKUWEIT S;1;0,06
PANNARAJ P;1;0,08
PANZA A;1;0,06
PAOLI L;1;0,14
PAOLINI A;1;0,11
PAPADOPOULOS C;1;0,14
PARDINI B;1;0,08
PARDO-CACHO J;1;0,13
PARDO-LÓPEZ L;1;0,07
PARFREY L;1;0,05
PARIANTE C;1;0,03
PARIDA L;1;0,13
PARISI S;1;0,07
PARK D;1;0,25
PARK M;1;0,08
PARK Y;1;0,08
PARKER L;1;0,08
PARKS D;1;0,14
PARMAR P;1;0,03
PARTIDA-MARTÍNEZ L;1;0,07
PASCAL A V;1;0,2
PASETTI M;1;0,06
PASTOR-IBÁÑEZ R;1;0,13
PATALANO S;1;0,13
PATERNITI I;1;0,11
PATIBANDLA C;1;0,06
PATIÑO-NAVARRETE R;1;0,07
PATO M;1;0,1
PATTERSON B;1;0,09
PATUMCHAROENPOL P;1;0,14
PATURSSON P;1;0,1
PATUZZI I;1;0,09
PAUL D;1;0,33
PAUL R R;1;0,1
PAULSEN I;1;0,2
PAULSON J;1;0,05
PAVLICK A;1;0,13
PAVLOPOULOS G;1;0,13
PAZIENZA V;1;0,08
PAËS C;1;0,06
PEACHEY L;1;0,14
PEANO C;1;0,06
PEEK R;1;0,13
PEEL N;1;0,08
PEI T;1;0,13
PEI Z;1;0,06
PELL N;1;0,05
PELLANDA P;1;0,11
PELLEAGRINI M;1;0,07
PELLEGATTA F;1;0,06
PELLOCK S;1;0,09
PELÁEZ C;1;0,2
PENG A;1;0,14
PENG G;1;0,09
PENG H;1;0,11
PENG J;1;0,11
PENG L;1;0,03
PENG Q;1;0,07
PENG S;1;0,13
PENG T;1;0,07
PENG Z;1;0,06
PENNINGTON J;1;0,13
PENNINX B;1;0,03
PENSA R;1;0,08
PEPOYAN A;1;0,11
PERDEW G;1;0,14
PEREIRA B;1;0,17
PEREIRA D L J;1;0,13
PEREIRA G;1;0,07
PEREIRA P;1;0,25
PEREIRA U;1;0,07
PEREZ D;1;0,1
PEREZ-CRUZ C;1;0,33
PEREZ-PARDO P;1;0,11
PERMIAKOVA O;1;0,25
PERRI F;1;0,06
PERTHAME E;1;0,07
PESOA S;1;0,17
PESSION A;1;0,1
PETERS B;1;0,08
PETERS D;1;0,17
PETERS S;1;0,02
PETERSEN A;1;0,08
PETERSON S;1;0,13
PETERSON V;1;0,11
PETRACCHINI S;1;0,07
PETRAK F;1;0,13
PETRIE K;1;1
PETRIGNANI I;1;0,11
PEVZNER P;1;0,13
PEYRET P;1;0,17
PEZZELLA V;1;0,06
PEÑA-OCAÑA B;1;0,11
PHAM H;1;0,08
PHAM T;1;0,14
PHAN N;1;0,2
PHILIP V;1;0,06
PHILLIPS S;1;0,08
PHUNG L;1;0,07
PI G;1;0,08
PIARROUX R;1;0,08
PIAZUELO M;1;0,13
PIBLE O;1;0,02
PICCHIANTI-DIAMANTI A;1;0,08
PICCIO L;1;0,05
PICHLER M;1;0,07
PIELLA G;1;0,03
PIENING B;1;0,05
PIESSEVAUX H;1;0,09
PIETILÄ S;1;0,11
PIETRUSZKA B;1;0,03
PIKE L;1;0,06
PIMENOFF V;1;0,1
PINDAK D;1;0,08
PINHOLT M;1;0,08
PINTO-CARDOSO S;1;0,07
PIQUENOT J;1;0,13
PIRES M;1;0,2
PISANU S;1;0,08
PIWOWARSKI J;1;0,17
PLANA M;1;0,13
PLANTINGA A;1;0,07
PLAZA-ANDRADES I;1;0,11
PLETT-TORRES T;1;0,08
PLICHTA D;1;0,09
PLOMP N;1;0,08
PLUMEIER I;1;0,08
PODAR M;1;0,06
POITOU C;1;0,05
POLACK B;1;0,13
POLAK P;1;0,11
POLLET T;1;0,13
POLUEKTOVA E;1;0,2
POLYAKOVA S;1;0,17
PONS X;1;0,06
PONZO V;1;0,07
POON P;1;0,07
POPE P;1;0,05
POPLUECHAI S;1;0,13
POPPITT S;1;0,08
POROIKOV V;1;0,17
POROLLO A;1;0,5
PORTELA N;1;0,17
PORTER N;1;0,5
POSMA J;1;0,04
POTDAR R;1;0,06
POTHIER J;1;0,33
POTOCKI-VERONESE G;1;0,25
POTTHOFF A;1;0,08
POULET L;1;0,13
POWELL N;1;0,2
POYNTER L;1;0,04
PRABHU P;1;0,2
PRADO-VIVAR B;1;0,11
PRANADINATA R;1;0,14
PRASAD T;1;0,09
PRATTICHIZZO F;1;0,11
PREMKRISHNAN B;1;0,08
PREVEL R;1;0,13
PRICE N;1;0,05
PRIOULT G;1;0,17
PUENTE J;1;0,07
PUIGBO P;1;0,14
PURBOJATI R;1;0,08
PURKAIT D;1;0,33
PUTRA A;1;0,08
PÉREZ-MOLINA J;1;0,06
PÉREZ-VIZCAÍNO F;1;0,07
PÖLING J;1;0,06
QI B;1;0,07
QI F;1;0,06
QI H;1;0,05
QIAN G;1;0,08
QIAN J;1;0,2
QIAN P;1;0,08
QIAN W;1;0,13
QIAN Y;1;0,06
QIAO L;1;0,08
QIAO M;1;0,05
QIAO S;1;0,14
QIAO W;1;0,05
QIE J;1;0,08
QIN D;1;0,08
QIN G;1;0,11
QIN Z;1;0,14
QIU C;1;0,1
QIU J;1;0,17
QIU Y;1;0,07
QU L;1;0,1
QU S;1;0,07
QU W;1;0,14
QU Y;1;0,11
QUAN M;1;0,2
QUAN Q;1;0,13
QUAN Y;1;0,2
QUARESHY M;1;0,33
QUE Y;1;0,07
QUEIPO-ORTUÑO M;1;0,11
QUEIRO-SILVA R;1;0,11
QUEIROS P;1;0,02
QUIJADA N;1;0,06
QUINCE C;1;0,06
QUINLAN M;1;0,09
QUINLAN R;1;0,09
QUINONES S;1;0,07
QUIST S;1;0,13
QUOILIN C;1;0,14
QURAISHI M;1;0,07
RAANGS E;1;0,06
RABEN A;1;0,08
RABER H;1;0,08
RABINOWITZ K;1;0,08
RADVANSKÝ M;1;0,08
RAFFATELLU M;1;0,14
RAHIM J;1;0,11
RAHIMI F;1;0,07
RAHMAN G;1;0,09
RAHNAVARD A;1;0,05
RAI N;1;0,17
RAI S;1;0,17
RAINER F;1;0,07
RAINERI E;1;0,06
RAISINGANI A;1;0,07
RAITEN D;1;0,08
RAIZADA M;1;0,07
RAJA A;1;0,11
RAJAGOPALAN K;1;0,06
RAJAN J;1;0,03
RAJAO D;1;0,1
RAJAOFERA M;1;0,09
RAKOTONDRAINIPIANA M;1;0,05
RAKOTONDRANARY S;1;0,17
RAKOVA V;1;0,05
RALLIDIS L;1;0,08
RAM D;1;0,11
RAMER-TAIT A;1;0,09
RAMIREZ F L;1;0,07
RAMIREZ-PEDRAZA M;1;0,05
RAMÍREZ J;1;0,25
RAN R;1;0,33
RANDOLPH T;1;0,07
RANDREMANANA R;1;0,05
RANI A;1;0,2
RAO M;1;0,33
RAOULT D;1;0,1
RASHID F;1;0,2
RASMUSSEN S;1;0,09
RASMUSSEN T;1;0,09
RATKIN A;1;0,25
RATOVONAMANA Y;1;0,17
RATTAN P;1;0,5
RAVEL J;1;0,06
RAY N;1;0,2
RAYKO M;1;0,13
RAYNARD B;1;0,05
RAZIN S;1;0,08
RE M;1;0,08
REALMUTO C;1;0,07
REBAUDET S;1;0,08
REBRIKOV D;1;0,17
RECZKO M;1;0,13
REDAELLI M;1;0,14
REDINBO M;1;0,09
REED D;1;0,17
REED F;1;0,25
REICHL U;1;0,02
REINA O;1;0,05
REINHART J;1;0,17
REINTJES G;1;0,14
REIS R;1;0,1
REITMEIER S;1;0,08
REJÓN-ORANTES J;1;0,11
REMES-TROCHE J;1;0,1
REN B;1;0,05
REN F;1;0,11
REN G;1;0,07
REN J;1;0,08
REN L;1;0,13
REN T;1;0,09
REN W;1;0,2
REN Z;1;0,08
RENARD B;1;0,02
RENKO M;1;0,13
REQUENA T;1;0,2
REQUENA-LÓPEZ S;1;0,11
RESENDE A;1;0,33
RESENDIS-ANTONIO O;1;0,17
RESHEF L;1;0,08
RETTEDAL E;1;0,2
REUTER A;1;0,06
REY F;1;0,05
REY K;1;0,11
REYES L;1;0,07
REYMAN M;1;0,09
REYNA M;1;0,07
REZASOLTANI S;1;0,17
RHEINWALT K;1;0,05
RHIMI M;1;0,09
RHIMI S;1;0,09
RHYS-JONES D;1;0,11
RIBALDONE D;1;0,07
RIBEIRO R;1;0,08
RICH S;1;0,33
RICHARDSON D;1;0,17
RICHARDSON N;1;0,06
RICHEZ M;1;0,1
RIDLON J;1;0,11
RIED-LARSEN M;1;0,11
RIETJENS I;1;0,25
RIGATO F;1;0,14
RINALDI G;1;0,07
RINCÓN-ROSALES R;1;0,11
RIVAS A;1;0,11
RIVERA A;1;0,14
RIVERA-GUTIERREZ X;1;0,1
RIZZI A;1;0,2
ROBBINS A;1;0,25
ROBINSON K;1;0,2
RODE A;1;0,09
RODPAI R;1;0,13
RODRIGUEZ C;1;0,05
RODRIGUEZ-MORANTA F;1;0,1
RODRIGUEZ-MORATO J;1;0,11
RODRIGUEZ-PALACIOS A;1;0,07
RODRIGUEZ-R L;1;0,11
RODRIGUEZ-RAMOS J;1;0,08
ROEL-TOURIS J;1;0,2
ROGGENBECK B;1;0,25
ROH S;1;0,07
ROKKA A;1;0,11
ROLD L;1;0,09
ROMANO S;1;0,17
ROMANOVA T;1;0,17
RONG H;1;0,2
ROONEY C;1;0,5
ROPONEN M;1;0,04
ROSA B;1;0,07
ROSADO B;1;0,17
ROSATO R;1;0,07
ROSEN G;1;0,17
ROSENAU F;1;0,08
ROSENFELD C;1;0,08
ROSENTHAL S;1;0,33
ROSKES L;1;0,06
ROSS A;1;0,1
ROTHER K;1;0,33
ROTTA L;1;0,06
ROUAULT C;1;0,05
ROUHOLLAHI M M;1;0,11
ROWLAND M;1;0,09
ROY S;1;0,14
ROYO F;1;0,05
RU H;1;0,17
RUAN M;1;0,07
RUBBO P;1;0,05
RUBIN I;1;0,08
RUDIK A;1;0,17
RUEGGER P;1;0,13
RUFFIN M;1;0,33
RUIZ R;1;0,14
RUIZ-CABELLO J;1;0,07
RUNGE J;1;0,09
RUPPERT V;1;0,06
RUPPÉ E;1;0,09
RUSHBROOK S;1;0,2
RUSSELL D;1;0,06
RUTT L;1;0,06
RUUSKANEN S;1;0,14
RUÍZ-PÉREZ S;1;0,06
RUÍZ-VALDIVIEZO V;1;0,11
RYABTSEVA S;1;0,17
RYAN C;1;0,1
RÖHRIG B;1;0,13
RÜCK C;1;0,17
RÜHLEMANN M;1;0,05
SAAD M;1;0,11
SABAG-DAIGLE A;1;0,08
SABRAN M;1;0,25
SACK D;1;0,08
SADAGHIAN S M;1;0,08
SADAOW L;1;0,13
SADEGHI A;1;0,25
SADZEWICZ L;1;0,06
SAEED A;1;0,08
SAEKI T;1;0,1
SAFARI K;1;0,11
SAHU S;1;0,2
SAIKKONEN K;1;0,14
SAKANAKA M;1;0,07
SAKANASHI C;1;0,13
SAKAO S;1;0,06
SALAS-SALVADÓ J;1;0,05
SALAZAR G;1;0,11
SALEKEEN R;1;0,17
SALEMI S;1;0,08
SALERNO G;1;0,08
SALIBA A;1;0,08
SALIM F;1;0,25
SALO J;1;0,13
SALONEN A;1;0,08
SALONIEMI I;1;0,14
SALTER A;1;0,05
SALVADOR I;1;0,11
SALVIOLI S;1;0,05
SAMPOL E N;1;0,06
SAMPSON H;1;0,5
SANADA T;1;0,06
SANCHEZ J;1;0,08
SANCHEZ-ALCOHOLADO L;1;0,11
SANCHEZ-FLORES A;1;0,08
SANDERS E;1;0,09
SANDERS J;1;0,06
SANDHU H;1;0,06
SANDOVAL-VARGAS D;1;0,2
SANKARASUBRAMANIAN J;1;0,2
SANKE H;1;0,05
SANNA S;1;0,07
SANPOOL O;1;0,13
SANSONETTI P;1;0,05
SANTANIELLO A;1;0,02
SANTHI P;1;0,08
SANTIAGO-RODRIGUEZ T;1;0,5
SANTOS A;1;0,11
SANTOS N;1;0,08
SANTOS S;1;0,07
SANZ Y;1;0,03
SARATSIS A;1;0,14
SARGSIAN S;1;0,05
SARGSYAN D;1;0,13
SARIDAS F;1;0,13
SARIKONDA D;1;0,07
SARMA S;1;0,08
SARQUIS D;1;0,08
SARZI-PUTTINI P;1;0,07
SASAKI T;1;0,14
SASAKI Y;1;0,07
SATHITKOWITCHAI W;1;0,14
SATLIN M;1;0,05
SATO K;1;0,06
SATTIN E;1;0,09
SATYAM R;1;0,2
SAVARINO E;1;0,09
SAVIDGE T;1;0,09
SAVILOVA A;1;0,17
SAVOLAINEN O;1;0,1
SAVVA G;1;0,17
SAXENA R;1;0,2
SAYED I;1;0,14
SCHAID M;1;0,06
SCHALLERT K;1;0,02
SCHAUB B;1;0,04
SCHENK A;1;0,08
SCHEPERJANS F;1;0,25
SCHETT G;1;0,2
SCHIEBENHOEFER H;1;0,02
SCHIEFFER B;1;0,06
SCHIERDING W;1;0,05
SCHIERGENS T;1;0,08
SCHIERWAGEN R;1;0,05
SCHIRMER M;1;0,1
SCHLUNDT J;1;0,09
SCHMALTZ R;1;0,09
SCHMERBOECK B;1;0,07
SCHMIDT E;1;0,25
SCHMIDT N;1;0,13
SCHMITZ H;1;0,17
SCHNABL B;1;0,08
SCHNEIDER T;1;0,1
SCHOMBURG D;1;0,13
SCHOOF E;1;0,07
SCHOOTH L;1;0,05
SCHOTT E;1;0,13
SCHRAMM L;1;0,2
SCHRENZEL J;1;0,09
SCHULZ C;1;0,13
SCHWAGER E;1;0,05
SCHWALBE M;1;0,11
SCHWEITZER G;1;0,09
SCHÄPE S;1;0,02
SCHÜTTE K;1;0,13
SCIRÈ C;1;0,07
SCOTT A;1;0,04
SCUDERI S;1;0,11
SCZYRBA A;1;0,02
SEABOLT E;1;0,13
SEARS M;1;0,07
SEBERT S;1;0,03
SECOR E;1;0,13
SEDLACKOVA T;1;0,08
SEETHARAMAN J;1;0,17
SEGATA N;1;0,08
SEGUY D;1;0,05
SEHLI S;1;0,11
SEIBERT B;1;0,1
SEIFERT J;1;0,05
SEKINE A;1;0,06
SELA D;1;0,2
SELBERHERR E;1;0,06
SELMA-ROYO M;1;0,25
SELWAY C;1;0,33
SEN S;1;0,13
SENCHYNA F;1;0,17
SEO D;1;0,2
SEO H;1;0,08
SEONG H;1;0,08
SEONG J;1;0,04
SERGAKI C;1;0,11
SERGHIOU I;1;0,08
SERRANA J;1;0,14
SERRANO-VILLAR S;1;0,06
SETHI G;1;0,11
SEYED K N;1;0,08
SEYEDI S;1;0,11
SGRULLETTI M;1;0,08
SHAFFER M;1;0,08
SHAFRANSKAYA D;1;0,08
SHAH V;1;0,5
SHAHROKH S;1;0,17
SHAHZAD A;1;0,11
SHAMSADDINI A;1;0,08
SHAN C;1;0,17
SHANG L;1;0,25
SHANG M;1;0,08
SHANG P;1;0,14
SHANG Q;1;0,1
SHAO A;1;0,08
SHAO J;1;0,14
SHAO R;1;0,1
SHAO W;1;0,07
SHAO Y;1;0,06
SHAO Z;1;0,11
SHAPIRO B;1;0,33
SHAREEFDEEN H;1;0,5
SHARIF D;1;0,17
SHARMA A;1;0,2
SHARMA V;1;0,2
SHARON I;1;0,06
SHAROPOV F;1;0,11
SHARPTON T;1;0,17
SHE R;1;0,08
SHEH A;1;0,13
SHEN P;1;0,1
SHEN S;1;0,2
SHEN T;1;0,07
SHEN W;1;0,11
SHEN X;1;0,13
SHENG H;1;0,04
SHENG X;1;0,08
SHENG Y;1;0,17
SHEPHERD J;1;0,07
SHERCHAN S;1;0,07
SHERCHAND J;1;0,07
SHERCHAND S;1;0,07
SHI B;1;0,14
SHI C;1;0,05
SHI D;1;0,14
SHI G;1;0,09
SHI M;1;0,09
SHIGETA A;1;0,06
SHIN G;1;0,17
SHINE E;1;0,5
SHIOTANI A;1;0,11
SHKOPOROV A;1;0,11
SHMAKOV S;1;0,13
SHOJI H;1;0,06
SHOLI A;1;0,05
SHON W;1;0,17
SHPAK M;1;0,17
SHRESTHA D;1;0,07
SHRIVASTAVA R;1;0,2
SHU H;1;0,1
SHU Z;1;0,08
SHUKLA D;1;0,07
SHULZHENKO N;1;0,13
SHUNGIN D;1;0,1
SHUOKER B;1;0,07
SI G;1;0,17
SI W;1;0,08
SI Y;1;0,1
SIADAT S;1;0,11
SIAM M;1;0,17
SICHERER S;1;0,5
SIEBER M;1;0,33
SIEVER M;1;0,08
SIKAROODI M;1;0,08
SILACHEV D;1;0,05
SILVEIRA L;1;0,08
SILVESTRE M;1;0,08
SIMIONATI B;1;0,09
SIMONS E;1;0,07
SIMOPOULOS C;1;0,14
SIMPSON J;1;0,09
SIMRÉN M;1;0,1
SIMS I;1;0,11
SINGH A;1;0,2
SINGH M;1;0,17
SINGH S;1;0,02
SINGH V;1;0,17
SINGLETON R;1;0,07
SINGLETON S;1;0,13
SINHA T;1;0,07
SINIGAGLIA M;1;0,06
SINISCALCHI A;1;0,08
SIODA M;1;0,08
SIRAGUSA E;1;0,13
SKAR V;1;0,11
SKJAK-BRAEK G;1;0,13
SKONDRA D;1;0,25
SKOULAKIS E;1;0,13
SKURK T;1;0,08
SLUPSKY C;1;0,08
SMITH D;1;0,08
SMITH G;1;0,09
SMITH P;1;0,14
SMITH-BROWN P;1;0,25
SNYDER M;1;0,05
SO K;1;0,07
SOBERÓN X;1;0,07
SOH A;1;0,1
SOHN J;1;0,04
SOKHANSANJ B;1;0,17
SOKOLOVSKA N;1;0,25
SOLDEN L;1;0,08
SOLOMONS N;1;0,25
SOMAN K;1;0,02
SOMMER M;1;0,09
SOMMER S;1;0,17
SONG C;1;0,08
SONG G;1;0,07
SONG K;1;0,17
SONG L;1;0,07
SONG Q;1;0,14
SONG S;1;0,13
SONNENBURG J;1;0,08
SORDINO P;1;0,2
SORG T;1;0,03
SORGI M;1;0,08
SOROKIN A;1;0,33
SORRENTI V;1;0,25
SOTIRAKI S;1;0,14
SOTO-GIRON M;1;0,13
SOUAI N;1;0,09
SOUCEK P;1;0,04
SOUFI M;1;0,06
SOUSSOU S;1;0,09
SOVERINI M;1;0,17
SPACIL Z;1;0,11
SPELLERBERG B;1;0,08
SPICER P;1;0,07
SPICHAK S;1;0,14
SPIGA L;1;0,09
SPRIEWALD S;1;0,08
SRIPA B;1;0,14
STADLBAUER V;1;0,07
STAHL-HENNIG C;1;0,1
STAINS J;1;0,09
STAMATAKIS A;1;0,5
STAMPS B;1;0,2
STAPPENBECK T;1;1
STARES M;1;0,06
STARK K;1;0,07
STARR A;1;0,07
STATHOPOULOU P;1;0,09
STAUTEMAS J;1;0,11
STECHER B;1;0,08
STEENSEN K;1;0,2
STEIBER A;1;0,08
STEIN L;1;0,11
STEINBERG D;1;0,11
STEPHENSEN C;1;0,08
STERLING R;1;0,08
STEVENSON D;1;0,14
STEVENSON J;1;0,2
STEVES C;1;0,2
STEWART S;1;0,33
STIEGLER P;1;0,07
STOKHOLM J;1;0,09
STONELAKE A;1;0,07
STORME T;1;0,09
STRAIN C;1;0,09
STRAM D;1;0,07
STRONATI L;1;0,17
STRYCHARZ-ANGRECKA E;1;0,13
STRYECK S;1;0,07
STUPAK A;1;0,5
STÄRKEL P;1;0,09
SU C;1;0,06
SU D;1;0,17
SU L;1;0,08
SU M;1;0,1
SU Q;1;0,06
SU S;1;0,07
SU W;1;0,1
SU Z;1;0,04
SUBAS O;1;0,05
SUBBARAO P;1;0,07
SUBBIAH M;1;0,09
SUBRAMANIAN A;1;0,05
SUBRAMANIAN P;1;0,05
SUBRAMANIAPILLAI M;1;0,11
SUDA R;1;0,06
SUDA W;1;0,06
SUDHAKAR P;1;0,2
SUGIURA T;1;0,06
SUI Y;1;0,07
SUITS M;1;0,2
SUKHIKH G;1;0,05
SULAKVELIDZE A;1;0,17
SULERIA H;1;0,17
SULLIVAN D;1;0,17
SULTAN M;1;0,13
SUMNER L;1;0,08
SUN A;1;0,14
SUN K;1;0,07
SUN M;1;0,17
SUN P;1;0,11
SUN W;1;0,17
SUNDARARAJAN S;1;0,06
SUNDIN J;1;0,1
SUNG J;1;0,05
SUOMI T;1;0,11
SURATANNON N;1;0,14
SURESHCHANDRA S;1;0,13
SURETTE M;1;0,11
SUSOVA S;1;0,04
SUSSMAN D;1;0,14
SUTHANTHIRAN M;1;0,05
SUTHER C;1;0,05
SUTTNER B;1;0,11
SUWANDI A;1;0,1
SUWANNAHITATORN P;1;0,13
SUWEIS S;1;0,2
SUZUKI T;1;0,06
SUZUTANI T;1;0,1
SUÁREZ A;1;0,11
SUÑER C;1;0,05
SYKES L;1;0,08
SZAMOSI J;1;0,11
SZUBIN R;1;0,06
SÁNCHEZ B;1;0,11
SÁNCHEZ-CASTAÑEDA J;1;0,17
SÁNCHEZ-PALOMINO S;1;0,13
SÁYAGO-AYERDI S;1;0,11
TABETA K;1;0,06
TACKETT M;1;0,05
TAFT D;1;0,08
TAGELE S;1;0,08
TAGKOPOULOS I;1;0,17
TAGLIABUE C;1;0,08
TAGUER M;1;0,33
TAHMIN C;1;0,13
TAI W;1;0,07
TAJADURA-ORTEGA V;1;0,08
TAKAHASHI K;1;0,13
TAKAHASHI M;1;0,11
TAKAHASHI N;1;0,06
TAKATS Z;1;0,04
TAKEYAMA H;1;0,13
TALAVERA-RODRIGUEZ A;1;0,06
TALL T;1;0,14
TALLON L;1;0,06
TAM F;1;0,11
TAMBURINI F;1;0,17
TAN H;1;0,1
TAN J;1;0,14
TAN R;1;0,08
TAN S;1;0,11
TAN T;1;0,08
TAN Z;1;0,17
TANABE N;1;0,06
TANAKA K;1;0,1
TANDUKAR S;1;0,07
TANEMURA K;1;0,14
TANES C;1;0,13
TANG C;1;0,11
TANG H;1;0,06
TANG J;1;0,06
TANG L;1;0,14
TANG M;1;0,09
TANG Q;1;0,11
TANG S;1;0,14
TANG W;1;0,1
TANG X;1;0,09
TAO J;1;0,14
TAO X;1;0,06
TAPIAINEN T;1;0,13
TARALLO S;1;0,08
TARASKINA A;1;0,05
TARR P;1;0,05
TARTARI P;1;0,06
TARTIERE A;1;0,13
TASKAPILIOGLU O;1;0,13
TATARU C;1;0,5
TATSUMI K;1;0,06
TAUR Y;1;0,05
TAUSEEF I;1;0,13
TAUZIN A;1;0,25
TAVELLA T;1;0,05
TAY H;1;0,11
TAYLOR M;1;0,08
TAYLOR V;1;0,11
TEARE J;1;0,04
TEBANI A;1;0,05
TEE M;1;0,05
TEJADA G;1;0,05
TEJESVI M;1;0,13
TELALOVIC J;1;0,5
TENAILLON O;1;0,09
TENG L;1;0,06
TENG W;1;0,2
TENG Z;1;0,11
TEODORI L;1;0,11
TEOH S;1;0,1
TERGAST T;1;0,08
TERRACCIANO F;1;0,08
TESTO G;1;0,08
THAKKER V;1;0,06
THAN L;1;0,25
THANCHOMNANG T;1;0,13
THANISSERY R;1;0,14
THAPA S;1;0,09
THE V S G;1;0,09
THEODOROU V;1;0,06
THERIOT C;1;0,14
THIEL R;1;0,03
THIELE I;1;0,11
THIELEMANN R;1;0,14
THIEROFF-EKERDT R;1;0,14
THIJSSEN V;1;0,09
THINGHOLM L;1;0,05
THOMAS J;1;0,2
THOMAS M;1;0,05
THOMAS T;1;0,2
THOMAS-GAHRING A;1;0,13
THOME N;1;0,11
THOMPSON K;1;0,05
THOMSON N;1;0,08
THORAT A;1;0,06
THORSTENSEN E;1;0,05
THRASTARDOTTIR T;1;0,33
THUMBOO J;1;0,1
TIAN D;1;0,13
TIAN H;1;0,07
TIAN J;1;0,07
TIAN L;1;0,08
TIAN S;1;0,05
TIAN X;1;0,07
TIAN Y;1;0,14
TICA M;1;0,2
TICKLE T;1;0,05
TIEMEIER H;1;0,03
TILG H;1;0,25
TIMS S;1;0,13
TINAHONES F;1;0,05
TINCATI C;1;0,08
TINGLEY J;1;0,14
TITO R;1;0,07
TKACHENKO E;1;0,17
TOAL E;1;0,07
TOBIN N;1;0,08
TODDE V;1;0,2
TODOROV H;1;0,13
TOGO A;1;0,1
TOIVONEN R;1;0,11
TOKAREV V;1;0,07
TOLEDO G;1;0,13
TOLLEY C;1;0,07
TOLSTIKOV V;1;0,07
TOLSTOGANOV I;1;0,08
TOM W;1;0,09
TOMASULA P;1;0,13
TOMINAGA T;1;0,14
TOMIZAWA R;1;0,09
TOMSETT K;1;0,17
TONG C;1;0,07
TONG H;1;0,08
TONG P;1;0,08
TONG Y;1;0,2
TORRENTS D;1;0,13
TORRES J;1;0,07
TORRES L;1;0,05
TORRES N;1;0,07
TORRES-COLLADO L;1;0,05
TOSEVSKA A;1;0,08
TOUVREY-LOIODICE M;1;0,13
TOVO A;1;0,2
TRAKMAN G;1;0,05
TRAMPARI E;1;0,08
TRAN T;1;0,14
TRAPPE K;1;0,02
TRAULSEN A;1;0,33
TRAVERSA D;1;0,14
TREBICKA J;1;0,05
TREU L;1;0,11
TREZZI J;1;0,02
TRICARICO M;1;0,06
TRINH A;1;0,33
TRINH J;1;0,17
TRIPATHI A;1;0,08
TRISOLINI C;1;0,07
TRIVEDI U;1;0,11
TRONCOSO-CORZO L;1;0,07
TROPEA A;1;0,08
TROVAS G;1;0,08
TSAI J;1;0,25
TSAOUSIS A;1;0,13
TSATURYAN V;1;0,11
TSELEPIS C;1;0,07
TSIAMIS G;1;0,09
TSOUMTSA M L;1;0,07
TSUBOI Y;1;0,06
TSUI S;1;0,07
TSUZUNO T;1;0,06
TSYGANOV K;1;0,11
TU L;1;0,06
TU P;1;0,17
TU Q;1;0,13
TU Z;1;0,08
TUENTER E;1;0,11
TULCHINSKY H;1;0,08
TUN U;1;0,25
TUNCA B;1;0,13
TURAN O;1;0,13
TURCHINI G;1;0,11
TURKEZ H;1;0,05
TURNBAUGH P;1;0,2
TURVEY S;1;0,07
TYAKHT A;1;0,08
TYSON G;1;0,14
TÖRNBLOM H;1;0,1
TÜRAY S;1;0,14
TÜRKOGLU R;1;0,09
TÜZÜN E;1;0,09
UCHIDA A;1;0,08
UDIPI S;1;0,06
UGALDE J;1;0,17
UHLEN M;1;0,05
ULIANOV S;1;0,08
ULLOA-PÉREZ E;1;0,08
ULMANN G;1;0,05
ULYANTSEV V;1;0,08
UMEGAKI E;1;0,11
UNDERWOOD M;1;0,1
UNLU H;1;0,13
UPPADHYAYA N;1;0,14
UPRETY S;1;0,07
UR R H;1;0,13
USSOWICZ M;1;0,06
UTKALAJA B;1;0,2
UTRO F;1;0,13
UVA P;1;0,08
VAAG A;1;0,11
VAHJEN W;1;0,17
VALERO A;1;0,05
VALERO O;1;0,17
VALEUR J;1;0,11
VALLEJO A;1;0,06
VALLIER M;1;0,1
VAMANU E;1;0,17
VAN B D;1;0,09
VAN C P;1;0,5
VAN D J;1;0,06
VAN D W T;1;0,11
VAN H M;1;0,09
VAN H S;1;0,11
VAN R L;1;0,2
VAN S W;1;0,07
VAN T W;1;0,08
VAN W G;1;0,11
VANG A;1;0,1
VANNER S;1;0,17
VARDAKAS P;1;0,13
VASAPOLLI R;1;0,13
VASCELLARI S;1;0,08
VASIEVA O;1;0,33
VASILEIADIS S;1;0,14
VASILUEV P;1;0,08
VAZQUEZ-BAEZA Y;1;0,02
VECCHIO-PAGAN B;1;0,2
VEGA L;1;0,25
VEGA M;1;0,05
VELLUZZI F;1;0,08
VELOO A;1;0,07
VENEMA K;1;1
VENKATACHALAM A;1;0,09
VENKATESH S;1;0,07
VENTURELLI O;1;0,14
VERA M E;1;0,06
VERA-WOLF P;1;0,14
VERMA A;1;0,2
VERSCHAFFELT P;1;0,02
VEST N;1;0,1
VETTATH V;1;0,08
VIALE P;1;0,08
VICHASLIP T;1;0,13
VICIANI E;1;0,06
VICKERS M;1;0,05
VIDAL J;1;0,05
VIEIRA C;1;0,07
VIGANÒ I;1;0,14
VIGNOLI A;1;0,14
VIGUÉ L;1;0,09
VILCHEZ-VARGAS R;1;0,13
VILLADSEN A;1;0,09
VILLANUEVA Y;1;0,08
VINCENTELLI R;1;0,13
VIRWANI P;1;0,08
VISCARDI R;1;0,06
VISHNIVETSKAYA T;1;0,06
VITALI F;1;0,06
VITI F;1;0,33
VIVANCO-CID H;1;0,1
VIZI D;1;0,08
VLAMAKIS H;1;0,1
VLCKOVA K;1;0,14
VOGEL J;1;0,08
VOLAND L;1;0,05
VON B M;1;0,02
VON M F;1;0,2
VON M J;1;0,08
VON T M;1;0,03
VONAESCH P;1;0,05
VONDO S;1;0,05
VORA P;1;0,09
VÁZQUEZ-BAEZA Y;1;0,08
VÄNNI P;1;0,13
WADE K;1;0,1
WADE P;1;0,17
WAECHTER C;1;0,06
WAGNER K;1;0,08
WAIHO K;1;0,08
WALDRON L;1;0,05
WALK S;1;0,25
WALKER K;1;0,11
WALKER M;1;0,11
WALLACE K;1;0,33
WALTERS J;1;0,07
WALTON E;1;0,03
WALTON W;1;0,09
WAMBUA J;1;0,13
WAN C;1;0,2
WAN H;1;0,1
WAN J;1;0,14
WAN X;1;0,11
WANG N;1;0,2
WANG P;1;0,17
WARD H;1;0,25
WARINNER C;1;0,09
WARTO S;1;0,02
WASCHINA S;1;0,33
WASEEM H;1;0,13
WASIMUDDIN;1;0,17
WATANABE J;1;0,11
WATANABE M;1;0,09
WATANABE Y;1;0,33
WATKINS C;1;0,1
WATSON R;1;0,09
WATT R;1;0,08
WAWRZAK Z;1;0,07
WEADGE J;1;0,2
WEAGLEY J;1;0,07
WEAVER M;1;0,08
WEBBER M;1;0,08
WEBER J;1;0,13
WEDEMEYER H;1;0,08
WEEKS R;1;0,11
WEERAPAKORN W;1;0,14
WEFERS D;1;0,07
WEI C;1;0,06
WEI K;1;0,11
WEI L;1;0,13
WEI N;1;0,04
WEI Q;1;0,1
WEI S;1;0,11
WEIHE E;1;0,06
WEIL T;1;0,08
WEINER H;1;0,02
WEINGART G;1;0,05
WEISS T;1;0,13
WELLHÖNER F;1;0,08
WELLINGTON E;1;0,11
WELLS P;1;0,2
WELZEL M;1;0,06
WEMHEUER B;1;0,2
WEN S;1;0,13
WEN X;1;0,09
WEN Y;1;0,1
WEN Z;1;0,11
WERNER J;1;0,08
WEST N;1;0,2
WESTBLADE L;1;0,05
WESTERMANN A;1;0,08
WESTH H;1;0,08
WEYRICH L;1;0,33
WHITE D;1;0,13
WHON T;1;0,07
WIBBERG D;1;0,1
WIJMENGA C;1;0,07
WILKENS L;1;0,07
WILKINSON J;1;0,05
WILKINSON T;1;0,08
WILLEKENS C;1;0,05
WILLIAMS B;1;0,17
WILLIAMS D;1;0,17
WILLIAMS F;1;0,2
WILLIAMS-NGUYEN J;1;0,07
WILLIS J;1;0,13
WILSON K;1;0,13
WILSON L;1;0,14
WILSON-O’BRIEN A;1;0,05
WINGFIELD B;1;0,25
WINGLEE K;1;0,08
WINK M;1;0,11
WINSTON J;1;0,14
WINTER M;1;0,09
WINTER S;1;0,09
WIRBEL J;1;0,11
WIRTH U;1;0,08
WITHERS D;1;0,07
WOERTHER P;1;0,05
WOJCIECHOWSKI S;1;0,13
WOJNO J;1;0,25
WOLF M;1;0,02
WOLF P;1;0,11
WOLOSZYNEK S;1;0,17
WONG A;1;0,08
WONG J;1;0,08
WONG K;1;0,11
WOOD D;1;0,14
WOODFORD E;1;0,1
WOOLSTON A;1;0,04
WOPEREIS H;1;0,13
WORSLEY S;1;0,17
WRIGHT J;1;0,07
WRIGHTON K;1;0,08
WROBEL S;1;0,13
WRONSKI T;1;0,09
WU F;1;0,08
WU K;1;0,1
WU N;1;0,14
WU P;1;0,17
WU R;1;0,13
WURM S;1;0,07
WÜTHRICH T;1;0,14
XAVIER R;1;0,1
XIA B;1;0,08
XIA C;1;0,17
XIA D;1;0,13
XIA F;1;0,11
XIA G;1;0,06
XIA L;1;0,03
XIA M;1;0,2
XIA Q;1;0,09
XIA X;1;0,11
XIAN F;1;0,09
XIAN M;1;0,04
XIANG F;1;0,2
XIANG G;1;0,14
XIANG W;1;0,09
XIANG Y;1;0,11
XIAO G;1;0,09
XIAO M;1;0,08
XIAO N;1;0,11
XIAO W;1;0,13
XIE F;1;0,13
XIE H;1;0,14
XIE J;1;0,07
XIE L;1;0,1
XIE P;1;0,08
XIE Q;1;0,09
XIE R;1;0,11
XIE S;1;0,2
XIE W;1;0,11
XING X;1;0,14
XING Y;1;0,07
XING Z;1;0,1
XIONG H;1;0,13
XIONG K;1;0,08
XIONG Q;1;0,13
XIONG Y;1;0,06
XIU W;1;0,11
XU A;1;0,13
XU D;1;0,13
XU G;1;0,11
XU P;1;0,08
XU Q;1;0,13
XUE J;1;0,17
XUE M;1;0,13
XUE Z;1;0,08
XV C;1;0,14
YADAV H;1;0,17
YADAV M;1;0,33
YADGAR K;1;0,08
YAKOUB-AGHA I;1;0,05
YALCINKAYA N;1;0,09
YAMADA C;1;0,07
YAMADA T;1;0,25
YAMADA-HARA M;1;0,06
YAMAMOTO S;1;0,1
YAMASHITA T;1;0,33
YAMAZAKI H;1;0,1
YAN A;1;0,2
YAN D;1;0,09
YAN G;1;0,08
YAN H;1;0,13
YAN M;1;0,11
YAN P;1;0,05
YAN Q;1;0,08
YANG A;1;0,13
YANG G;1;0,13
YANG M;1;0,13
YANG P;1;0,05
YANG T;1;0,07
YAO C;1;0,13
YAO H;1;0,17
YAO P;1;0,13
YAO S;1;0,04
YAO Z;1;0,17
YAOW C;1;0,1
YAP F;1;0,07
YAP N;1;0,05
YASON J;1;0,11
YASSOUR M;1;0,11
YAU C;1;0,1
YE K;1;0,05
YE P;1;0,09
YE W;1;0,14
YE X;1;0,1
YEN S;1;0,5
YENKIN A;1;0,07
YEOH Y;1;0,09
YEUNG P;1;0,08
YI H;1;0,09
YIALLOUROU S;1;0,08
YILDIRIM Y;1;0,25
YILDIZ B;1;0,25
YIN A;1;0,08
YIN K;1;0,06
YIN R;1;0,13
YIN S;1;0,11
YIN X;1;0,09
YING G;1;0,2
YING J;1;0,05
YING T;1;0,07
YING Z;1;0,13
YIZHEN J;1;0,13
YOKOJI-TAKEUCHI M;1;0,06
YOLKEN R;1;0,5
YONG D;1;0,14
YONG L;1;0,06
YONG V;1;0,17
YOON H;1;0,02
YOON J;1;0,08
YOON Y;1;0,04
YOSHIDA N;1;0,33
YOSHINO J;1;0,09
YOU C;1;0,13
YOU H;1;0,08
YOU L;1;0,09
YOU P;1;0,06
YOU T;1;0,06
YOU X;1;0,2
YU F;1;0,08
YU L;1;0,08
YU M;1;0,13
YU N;1;0,04
YU T;1;0,09
YUAN P;1;0,06
YUAN R;1;0,05
YUAN W;1;0,25
YUAN Z;1;0,14
YUCHI Z;1;0,06
YUDIN S;1;0,05
YUDIN V;1;0,05
YUE R;1;0,13
YUE S;1;0,09
YUEFEN P;1;0,13
YUTIN N;1;0,13
ZABALETA M;1;0,14
ZABIH S;1;0,08
ZACHARIASSEN L;1;0,09
ZAGAINOVA A;1;0,05
ZAKHAREVICH N;1;0,25
ZAMVIL S;1;0,02
ZANETTI A;1;0,07
ZANG T;1;0,14
ZANG X;1;0,11
ZANGEN D;1;0,11
ZAPARINA O;1;0,14
ZAPIÉN-CAMPOS R;1;0,33
ZARIFOGLU M;1;0,13
ZARRINPAR A;1;0,08
ZAYDMAN M;1;0,07
ZDZIEBLO D;1;0,08
ZELLER G;1;0,11
ZEMB O;1;0,06
ZENG J;1;0,17
ZENG L;1;0,13
ZENG M;1;0,07
ZENG S;1;0,07
ZENG X;1;0,14
ZENTEK J;1;0,17
ZHA H;1;0,17
ZHAI W;1;0,06
ZHANG A;1;0,07
ZHAO D;1;0,2
ZHAO F;1;0,11
ZHAO G;1;0,2
ZHAO M;1;0,06
ZHAO R;1;0,13
ZHARIKOVA A;1;0,17
ZHENG A;1;0,09
ZHENG C;1;0,1
ZHENG P;1;0,03
ZHENG S;1;0,14
ZHENG W;1;0,11
ZHENG X;1;0,1
ZHERNAKOVA A;1;0,07
ZHI M;1;0,05
ZHONG M;1;0,06
ZHONG Q;1;0,08
ZHONG W;1;0,08
ZHONG Z;1;0,09
ZHOU D;1;0,08
ZHOU F;1;0,11
ZHOU R;1;0,1
ZHOU S;1;0,14
ZHU A;1;0,06
ZHU B;1;0,14
ZHU G;1;0,14
ZHU M;1;0,13
ZHU P;1;0,25
ZHU Z;1;0,08
ZHUANG G;1;0,06
ZHUANG K;1;0,08
ZHUFENG Y;1;0,07
ZHUO X;1;0,06
ZIDI O;1;0,09
ZIMMERMANN J;1;0,33
ZINGONE F;1;0,09
ZMORA N;1;1
ZOETENDAL E;1;0,03
ZOLFO M;1;0,25
ZOMORODI S;1;0,25
ZONENSAIN K;1;0,08
ZONG C;1;0,11
ZOU H;1;0,09
ZOU J;1;0,14
ZOU N;1;0,11
ZOU Q;1;0,5
ZOU R;1;0,17
ZOU W;1;0,1
ZOU X;1;0,1
ZU X;1;0,14
ZUO T;1;0,05
ZWIEBEL M;1;0,08
ZYCH K;1;0,11
ZÖHRER P;1;0,08
ÁLVAREZ-ORDÓÑEZ A;1;0,2
ÇETINER Ö;1;0,14
ÖHMAN L;1;0,1
ÖLKE B;1;0,08
ÖZCAN E;1;0,2
ÖZTÜRK C;1;0,14
Ö?ÜT N;1;0,33
ÚBEDA M;1;0,13
ÜLGER Y;1;0,2
?EPI? A;1;0,1
?ERNOCHOVÁ M;1;0,08
